Role,Path,RecordType,Name,ParentRoute,ParentLayout,Component,MetaTitle,MetaSubtitle,MetaSection,RequiresAuth,RequiredRoles,Fullscreen,PreviewMode,MenuSource,MenuVisible,BreadcrumbSource,PageTitleSource,Store,Composable,Service,APIEndpoint,DataType,RuntimeVerified,Status,UXRisk,TechnicalRisk,Evidence
Public,/,PAGE,portal-landing,N/A,None,../views/Auth/PortalLandingView.vue,Cổng truy cập EduLMS,,,false,Public,false,false,meta.title,true,route.meta.title,route.meta.title,,,,,Static UI,STATIC_CODE,STATIC_FUNCTIONAL,Low,Low,PAGE Public route / (line 19)
404,/:pathMatch(.*)*,CATCH_ALL,not-found,N/A,None,../views/NotFoundView.vue,,,,false,404,false,false,None,false,None,None,,,,,Static UI,STATIC_CODE,STATIC_FUNCTIONAL,Low,Low,CATCH_ALL 404 route /:pathMatch(.*)* (line 823)
Public,/about,PAGE,about,N/A,None,../views/AboutView.vue,,,,false,Public,false,false,None,false,None,None,,,,,Static UI,STATIC_CODE,PLACEHOLDER,Low,Low,PAGE Public route /about (line 25)
BGH,/bgh,LAYOUT,UNNAMED,N/A,None,../components/BGH/Layout_BGH.vue,,,,true,BGH,false,false,None,false,None,None,,,,,Static UI,STATIC_CODE,STATIC_FUNCTIONAL,Low,Low,LAYOUT BGH route /bgh (line 417)
BGH,/bgh/academic-programs,PAGE,bgh-academic-programs,N/A,None,../views/BGH/ProgramsView.vue,Ngành & Chuyên ngành,Quản lý các chuyên ngành đào tạo,Đào tạo & Chương trình,false,BGH,false,false,menuGroups.js,true,route.meta.title,route.meta.title,,,bghApi,/api/bgh/dashboard,Real API,STATIC_CODE,API_CONNECTED,Low,Low,PAGE BGH route /bgh/academic-programs (line 434)
BGH,/bgh/academic-terms,PAGE,bgh-academic-terms,N/A,None,../views/BGH/AcademicTermsView.vue,Học kỳ & Khóa,Quản lý các học kỳ và khóa học,Đào tạo & Chương trình,false,BGH,false,false,menuGroups.js,true,route.meta.title,route.meta.title,,,bghApi,/api/bgh/dashboard,Real API,STATIC_CODE,API_CONNECTED,Low,Low,PAGE BGH route /bgh/academic-terms (line 436)
BGH,/bgh/academic/at-risk,PAGE,bgh-academic-at-risk,N/A,None,../views/BGH/Academic/AtRiskStudentsView.vue,Sinh viên có nguy cơ rớt môn,Cảnh báo sớm AI dựa trên điểm số và chuyên cần,Đào tạo & Chương trình,false,BGH,false,false,menuGroups.js,true,route.meta.title,route.meta.title,,,bghApi,/api/bgh/dashboard,Real API,STATIC_CODE,API_CONNECTED,Low,Low,PAGE BGH route /bgh/academic/at-risk (line 440)
BGH,/bgh/academic/at-risk/:studentId/history,PAGE,bgh-academic-at-risk-student-history,N/A,None,../views/BGH/Academic/StudentHistoryView.vue,Lịch sử học tập,Chi tiết quá trình học tập của sinh viên,Đào tạo & Chương trình,false,BGH,false,false,menuGroups.js,true,route.meta.title,route.meta.title,,,bghApi,/api/bgh/dashboard,Real API,STATIC_CODE,API_CONNECTED,Low,Low,PAGE BGH route /bgh/academic/at-risk/:studentId/history (line 441)
BGH,/bgh/academic/gpa,PAGE,bgh-academic-gpa,N/A,None,../views/BGH/Academic/GPAReportsView.vue,Báo cáo GPA hệ thống,Phân tích điểm trung bình tích lũy theo khoa và lớp,Đào tạo & Chương trình,false,BGH,false,false,menuGroups.js,true,route.meta.title,route.meta.title,,,bghApi,/api/bgh/dashboard,Real API,STATIC_CODE,API_CONNECTED,Low,Low,PAGE BGH route /bgh/academic/gpa (line 439)
BGH,/bgh/academic/overview,PAGE,bgh-academic-overview,N/A,None,../views/BGH/Academic/AcademicOverviewView.vue,Tổng quan kết quả học tập,Báo cáo phân tích chất lượng học tập trên toàn hệ thống,Đào tạo & Chương trình,false,BGH,false,false,menuGroups.js,true,route.meta.title,route.meta.title,,,bghApi,/api/bgh/dashboard,Real API,STATIC_CODE,API_CONNECTED,Low,Low,PAGE BGH route /bgh/academic/overview (line 438)
BGH,/bgh/academic/pass-fail,PAGE,bgh-academic-pass-fail,N/A,None,../views/BGH/Academic/PassFailRatesView.vue,Tỷ lệ Pass/Fail môn học,"Theo dõi và phân tích tỷ lệ qua môn, rớt môn",Đào tạo & Chương trình,false,BGH,false,false,menuGroups.js,true,route.meta.title,route.meta.title,,,bghApi,/api/bgh/dashboard,Real API,STATIC_CODE,API_CONNECTED,Low,Low,PAGE BGH route /bgh/academic/pass-fail (line 443)
BGH,/bgh/academic/reports,PAGE,bgh-academic-reports,N/A,None,../views/BGH/Academic/AcademicReportsView.vue,Báo cáo học tập chi tiết,Công cụ phân tích và kết xuất báo cáo đa chiều,Đào tạo & Chương trình,false,BGH,false,false,menuGroups.js,true,route.meta.title,route.meta.title,,,bghApi,/api/bgh/dashboard,Real API,STATIC_CODE,API_CONNECTED,Low,Low,PAGE BGH route /bgh/academic/reports (line 442)
BGH,/bgh/audit-logs,PAGE,bgh-audit-logs,N/A,None,../views/BGH/AuditLogsView.vue,Nhật ký kiểm toán,Theo dõi lịch sử thay đổi trên hệ thống,Giám sát hệ thống,false,BGH,false,false,menuGroups.js,true,route.meta.title,route.meta.title,,,bghApi,/api/bgh/dashboard,Real API,STATIC_CODE,API_CONNECTED,Low,Low,PAGE BGH route /bgh/audit-logs (line 457)
BGH,/bgh/curriculum,PAGE,bgh-curriculum,N/A,None,../views/BGH/CurriculumView.vue,Khung chương trình,Phê duyệt và theo dõi khung chương trình,Đào tạo & Chương trình,false,BGH,false,false,menuGroups.js,true,route.meta.title,route.meta.title,,,bghApi,/api/bgh/dashboard,Real API,STATIC_CODE,API_CONNECTED,Low,Low,PAGE BGH route /bgh/curriculum (line 435)
BGH,/bgh/dashboard,PAGE,bgh-dashboard,N/A,None,../views/BGH/Dashboard.vue,Dashboard chiến lược,"Tổng quan hệ thống đào tạo, chất lượng và thống kê",Dashboard,false,BGH,false,false,menuGroups.js,true,route.meta.title,route.meta.title,,,bghApi,/api/bgh/dashboard,Real API,STATIC_CODE,API_CONNECTED,Low,Low,PAGE BGH route /bgh/dashboard (line 423)
BGH,/bgh/evaluations,PAGE,bgh-evaluations,N/A,None,../views/BGH/EvaluationsView.vue,Đánh giá Giảng viên,Kết quả khảo sát và đánh giá giảng dạy,Phê duyệt & Đánh giá,false,BGH,false,false,menuGroups.js,true,route.meta.title,route.meta.title,,,bghApi,/api/bgh/dashboard,Real API,STATIC_CODE,API_CONNECTED,Low,Low,PAGE BGH route /bgh/evaluations (line 449)
BGH,/bgh/evaluations/ai-analysis,PAGE,bgh-evaluations-ai-analysis,N/A,None,../views/BGH/Evaluations/AIFeedbackAnalysisView.vue,Phân tích Feedback AI,AI phân tích cảm xúc và trích xuất chủ đề từ nhận xét sinh viên,Phê duyệt & Đánh giá,false,BGH,false,false,menuGroups.js,true,route.meta.title,route.meta.title,,,bghApi,/api/bgh/dashboard,Real API,STATIC_CODE,API_CONNECTED,Low,Low,PAGE BGH route /bgh/evaluations/ai-analysis (line 453)
BGH,/bgh/evaluations/detail/:teacherId,PAGE,bgh-evaluations-detail,N/A,None,../views/BGH/Evaluations/TeacherEvalDetailsView.vue,Chi tiết đánh giá,Báo cáo phân tích chuyên sâu chất lượng giảng dạy,Phê duyệt & Đánh giá,false,BGH,false,false,menuGroups.js,true,route.meta.title,route.meta.title,,,bghApi,/api/bgh/dashboard,Real API,STATIC_CODE,API_CONNECTED,Low,Low,PAGE BGH route /bgh/evaluations/detail/:teacherId (line 451)
BGH,/bgh/evaluations/overview,PAGE,bgh-evaluations-overview,N/A,None,../views/BGH/Evaluations/EvalOverviewView.vue,Tổng quan đánh giá,Báo cáo phân tích chất lượng giảng dạy từ phản hồi sinh viên,Phê duyệt & Đánh giá,false,BGH,false,false,menuGroups.js,true,route.meta.title,route.meta.title,,,bghApi,/api/bgh/dashboard,Real API,STATIC_CODE,API_CONNECTED,Low,Low,PAGE BGH route /bgh/evaluations/overview (line 452)
BGH,/bgh/evaluations/ranking,PAGE,bgh-evaluations-ranking,N/A,None,../views/BGH/Evaluations/TeacherRankingView.vue,Xếp hạng giảng viên,Bảng xếp hạng chất lượng dựa trên điểm đánh giá,Phê duyệt & Đánh giá,false,BGH,false,false,menuGroups.js,true,route.meta.title,route.meta.title,,,bghApi,/api/bgh/dashboard,Real API,STATIC_CODE,API_CONNECTED,Low,Low,PAGE BGH route /bgh/evaluations/ranking (line 450)
BGH,/bgh/facilities,PAGE,bgh-facilities,N/A,None,../views/BGH/FacilitiesView.vue,Cơ sở vật chất,"Quản lý Tòa nhà, Tầng và Phòng học",Cơ sở vật chất,false,BGH,false,false,menuGroups.js,true,route.meta.title,route.meta.title,,,apiClient,/api/auth/login,Real API,STATIC_CODE,API_CONNECTED,Low,Low,PAGE BGH route /bgh/facilities (line 455)
BGH,/bgh/notifications,PAGE,bgh-notifications,N/A,None,../views/Student/NotificationsView.vue,Thông báo,Trung tâm thông báo,Cá nhân,false,BGH,false,false,menuGroups.js,true,route.meta.title,route.meta.title,,,,,Static UI,STATIC_CODE,WRONG_CONTEXT,Low,Low,PAGE BGH route /bgh/notifications (line 461)
BGH,/bgh/organizations,PAGE,bgh-organizations,N/A,None,../views/BGH/OrganizationsView.vue,Quản lý Đơn vị,"Cơ cấu tổ chức các khoa, phòng ban",Cơ cấu tổ chức,false,BGH,false,false,menuGroups.js,true,route.meta.title,route.meta.title,,,bghApi,/api/bgh/dashboard,Real API,STATIC_CODE,API_CONNECTED,Low,Low,PAGE BGH route /bgh/organizations (line 430)
BGH,/bgh/profile,PAGE,bgh-profile,N/A,None,../views/BGH/ProfileView.vue,Hồ sơ cá nhân,Thông tin cá nhân và cài đặt tài khoản,Cá nhân,false,BGH,false,false,menuGroups.js,true,route.meta.title,route.meta.title,,,apiClient,/api/auth/login,Real API,STATIC_CODE,API_CONNECTED,Low,Low,PAGE BGH route /bgh/profile (line 459)
BGH,/bgh/roles,PAGE,bgh-roles,N/A,None,../views/BGH/RolesView.vue,Vai trò & Phân quyền,Cấu hình quyền hạn truy cập hệ thống,Cơ cấu tổ chức,false,BGH,false,false,menuGroups.js,true,route.meta.title,route.meta.title,,,bghApi,/api/bgh/dashboard,Real API,STATIC_CODE,API_CONNECTED,Low,Low,PAGE BGH route /bgh/roles (line 432)
BGH,/bgh/schedule/changes,PAGE,bgh-schedule-changes,N/A,None,../views/BGH/Schedule/ScheduleChangesView.vue,Thay đổi & Dạy bù,Theo dõi biến động lịch học sau công bố,Phê duyệt & Đánh giá,false,BGH,false,false,menuGroups.js,true,route.meta.title,route.meta.title,,,bghApi,/api/bgh/dashboard,Real API,STATIC_CODE,API_CONNECTED,Low,Low,PAGE BGH route /bgh/schedule/changes (line 448)
BGH,/bgh/schedule/conflicts,PAGE,bgh-schedule-conflicts,N/A,None,../views/BGH/Schedule/ConflictListView.vue,Xung đột lịch học,Giám sát các lỗi sắp xếp tài nguyên giảng dạy,Phê duyệt & Đánh giá,false,BGH,false,false,menuGroups.js,true,route.meta.title,route.meta.title,,,bghApi,/api/bgh/dashboard,Real API,STATIC_CODE,API_CONNECTED,Low,Low,PAGE BGH route /bgh/schedule/conflicts (line 446)
BGH,/bgh/schedule/pending,PAGE,bgh-schedule-pending,N/A,None,../views/BGH/SchedulePendingView.vue,Duyệt Thời khóa biểu,Phê duyệt thời khóa biểu trước khi công bố,Phê duyệt & Đánh giá,false,BGH,false,false,menuGroups.js,true,route.meta.title,route.meta.title,,,bghApi,/api/bgh/dashboard,Real API,STATIC_CODE,API_CONNECTED,Low,Low,PAGE BGH route /bgh/schedule/pending (line 445)
BGH,/bgh/schedule/published,PAGE,bgh-schedule-published,N/A,None,../views/BGH/Schedule/PublishedSchedulesView.vue,Thời khóa biểu đã duyệt,Xem các bộ TKB đã công bố chính thức,Phê duyệt & Đánh giá,false,BGH,false,false,menuGroups.js,true,route.meta.title,route.meta.title,,,bghApi,/api/bgh/dashboard,Real API,STATIC_CODE,API_CONNECTED,Low,Low,PAGE BGH route /bgh/schedule/published (line 447)
BGH,/bgh/users,PAGE,bgh-users,N/A,None,../views/BGH/UsersView.vue,Quản lý Người dùng,"Danh sách tài khoản sinh viên, giảng viên và nhân sự",Cơ cấu tổ chức,false,BGH,false,false,menuGroups.js,true,route.meta.title,route.meta.title,,,bghApi,/api/bgh/dashboard,Real API,STATIC_CODE,API_CONNECTED,Low,Low,PAGE BGH route /bgh/users (line 431)
ContentCouncil,/content-council,LAYOUT,UNNAMED,N/A,None,../layouts/content-council/ContentCouncilLayout.vue,,,,true,ContentCouncil,false,false,None,false,None,None,,,,,Static UI,STATIC_CODE,STATIC_FUNCTIONAL,Low,Low,LAYOUT ContentCouncil route /content-council (line 747)
ContentCouncil,/content-council/question-bank,PAGE,content-council-question-bank,N/A,None,../pages/content-council/question-bank/QuestionBankPage.vue,Ngân hàng câu hỏi,,,false,ContentCouncil,false,false,meta.title,true,route.meta.title,route.meta.title,,,,,Static UI,STATIC_CODE,UNVERIFIED,Low,Low,PAGE ContentCouncil route /content-council/question-bank (line 759)
ContentCouncil,/content-council/quizzes,PAGE,content-council-quizzes,N/A,None,../pages/content-council/quizzes/QuizListPage.vue,Quiz / Đề kiểm tra,,,false,ContentCouncil,false,false,meta.title,true,route.meta.title,route.meta.title,,,,,Static UI,STATIC_CODE,UNVERIFIED,Low,Low,PAGE ContentCouncil route /content-council/quizzes (line 765)
ContentCouncil,/content-council/quizzes/:quizId/builder,PAGE,content-council-quiz-builder,N/A,None,../pages/content-council/quizzes/QuizBuilderPage.vue,Xây dựng đề,,,true,ContentCouncil,false,false,meta.title,true,route.meta.title,route.meta.title,,,,,Static UI,STATIC_CODE,UNVERIFIED,Low,Low,PAGE ContentCouncil route /content-council/quizzes/:quizId/builder (line 783)
ContentCouncil,/content-council/quizzes/:quizId/edit,PAGE,content-council-quiz-edit,N/A,None,../pages/content-council/quizzes/QuizFormPage.vue,Chỉnh sửa Quiz,,,true,ContentCouncil,false,false,meta.title,true,route.meta.title,route.meta.title,,,,,Static UI,STATIC_CODE,UNVERIFIED,Low,Low,PAGE ContentCouncil route /content-council/quizzes/:quizId/edit (line 777)
ContentCouncil,/content-council/quizzes/new,PAGE,content-council-quiz-create,N/A,None,../pages/content-council/quizzes/QuizFormPage.vue,Tạo Quiz,,,true,ContentCouncil,false,false,meta.title,true,route.meta.title,route.meta.title,,,,,Static UI,STATIC_CODE,UNVERIFIED,Low,Low,PAGE ContentCouncil route /content-council/quizzes/new (line 771)
ContentCouncil,/content-council/subjects,PAGE,content-council-subjects,N/A,None,../pages/content-council/subjects/SubjectListPage.vue,Nội dung môn học,,,false,ContentCouncil,false,false,meta.title,true,route.meta.title,route.meta.title,,,,,Static UI,STATIC_CODE,UNVERIFIED,Low,Low,PAGE ContentCouncil route /content-council/subjects (line 753)
ContentCouncil,/content-council/subjects/:subjectId,LAYOUT,UNNAMED,N/A,None,../layouts/content-council/SubjectDetailLayout.vue,,,,false,ContentCouncil,false,false,None,false,None,None,,,,,Static UI,STATIC_CODE,STATIC_FUNCTIONAL,Low,Low,LAYOUT ContentCouncil route /content-council/subjects/:subjectId (line 789)
ContentCouncil,/content-council/subjects/:subjectId/editor,PAGE,content-council-subject-editor,N/A,None,../pages/content-council/subjects/SubjectEditorPage.vue,Trình soạn nội dung,,,false,ContentCouncil,false,false,meta.title,true,route.meta.title,route.meta.title,,,,,Static UI,STATIC_CODE,UNVERIFIED,Low,Low,PAGE ContentCouncil route /content-council/subjects/:subjectId/editor (line 803)
ContentCouncil,/content-council/subjects/:subjectId/overview,PAGE,content-council-subject-overview,N/A,None,../pages/content-council/subjects/SubjectOverviewPage.vue,Tổng quan môn học,,,false,ContentCouncil,false,false,meta.title,true,route.meta.title,route.meta.title,,,,,Static UI,STATIC_CODE,UNVERIFIED,Low,Low,PAGE ContentCouncil route /content-council/subjects/:subjectId/overview (line 797)
ContentCouncil,/content-council/subjects/:subjectId/preview,PAGE,content-council-subject-preview,N/A,None,../pages/content-council/subjects/SubjectPreviewPage.vue,Xem như học sinh,,,true,ContentCouncil,false,true,meta.title,true,route.meta.title,route.meta.title,,,,,Static UI,STATIC_CODE,UNVERIFIED,Low,Low,PAGE ContentCouncil route /content-council/subjects/:subjectId/preview (line 815)
Public,/login,REDIRECT,UNNAMED,N/A,None,redirect (function),,,,false,Public,false,false,None,false,None,None,,,,,Static UI,STATIC_CODE,STATIC_FUNCTIONAL,Low,Low,REDIRECT Public route /login (line 36)
Public,/login/:portal,PAGE,role-login,N/A,None,../views/Auth/RoleLoginView.vue,Đăng nhập EduLMS,,,false,Public,false,false,meta.title,true,route.meta.title,route.meta.title,,,,,Static UI,STATIC_CODE,UNVERIFIED,Low,Low,PAGE Public route /login/:portal (line 30)
Parent,/parent,LAYOUT,UNNAMED,N/A,None,../components/PhuHuynh/Layout_PhuHuynh.vue,,,,true,Parent,false,false,None,false,None,None,,,,,Static UI,STATIC_CODE,STATIC_FUNCTIONAL,Low,Low,LAYOUT Parent route /parent (line 210)
Parent,/parent/children/list,PAGE,parent-children-list,N/A,None,../views/PhuHuynh/Children/ListView.vue,Danh sách học sinh,,,false,Parent,false,false,meta.title,true,route.meta.title,route.meta.title,,,parentApi,/api/parent/dashboard,Real API,STATIC_CODE,API_CONNECTED,Low,Low,PAGE Parent route /parent/children/list (line 222)
Parent,/parent/children/overview,PAGE,parent-children-overview,N/A,None,../views/PhuHuynh/Children/OverviewView.vue,Tổng quan học tập,,,false,Parent,false,false,meta.title,true,route.meta.title,route.meta.title,,,parentApi,/api/parent/dashboard,Real API,STATIC_CODE,API_CONNECTED,Low,Low,PAGE Parent route /parent/children/overview (line 228)
Parent,/parent/dashboard,PAGE,parent-dashboard,N/A,None,../views/PhuHuynh/DashboardWrapper.vue,Dashboard Phụ huynh,,,false,Parent,false,false,meta.title,true,route.meta.title,route.meta.title,,,,,Static UI,STATIC_CODE,UNVERIFIED,Low,Low,PAGE Parent route /parent/dashboard (line 216)
Parent,/parent/finance/invoices,PAGE,parent-invoices,N/A,None,../views/PhuHuynh/Finance/InvoicesView.vue,Hóa đơn,,,false,Parent,false,false,meta.title,true,route.meta.title,route.meta.title,,,parentApi,/api/parent/dashboard,Real API,STATIC_CODE,API_CONNECTED,Low,Low,PAGE Parent route /parent/finance/invoices (line 276)
Parent,/parent/finance/payment,PAGE,parent-payment,N/A,None,../views/PhuHuynh/Finance/PaymentView.vue,Thanh toán,,,false,Parent,false,false,meta.title,true,route.meta.title,route.meta.title,,,parentApi,/api/parent/dashboard,Real API,STATIC_CODE,API_CONNECTED,Low,Low,PAGE Parent route /parent/finance/payment (line 264)
Parent,/parent/finance/transactions,PAGE,parent-transactions,N/A,None,../views/PhuHuynh/Finance/TransactionsView.vue,Lịch sử giao dịch,,,false,Parent,false,false,meta.title,true,route.meta.title,route.meta.title,,,parentApi,/api/parent/dashboard,Real API,STATIC_CODE,API_CONNECTED,Low,Low,PAGE Parent route /parent/finance/transactions (line 270)
Parent,/parent/finance/tuition,PAGE,parent-tuition,N/A,None,../views/PhuHuynh/Finance/TuitionView.vue,Học phí,,,false,Parent,false,false,meta.title,true,route.meta.title,route.meta.title,,,parentApi,/api/parent/dashboard,Real API,STATIC_CODE,API_CONNECTED,Low,Low,PAGE Parent route /parent/finance/tuition (line 258)
Parent,/parent/learning/alerts,PAGE,parent-alerts,N/A,None,../views/PhuHuynh/Learning/AlertsView.vue,Cảnh báo,,,false,Parent,false,false,meta.title,true,route.meta.title,route.meta.title,,,parentApi,/api/parent/dashboard,Real API,STATIC_CODE,API_CONNECTED,Low,Low,PAGE Parent route /parent/learning/alerts (line 252)
Parent,/parent/learning/attendance,PAGE,parent-attendance,N/A,None,../views/PhuHuynh/Learning/AttendanceView.vue,Điểm danh,,,false,Parent,false,false,meta.title,true,route.meta.title,route.meta.title,,,parentApi,/api/parent/dashboard,Real API,STATIC_CODE,API_CONNECTED,Low,Low,PAGE Parent route /parent/learning/attendance (line 246)
Parent,/parent/learning/grades,PAGE,parent-grades,N/A,None,../views/PhuHuynh/Learning/GradesView.vue,Kết quả học tập,,,false,Parent,false,false,meta.title,true,route.meta.title,route.meta.title,,,parentApi,/api/parent/dashboard,Real API,STATIC_CODE,API_CONNECTED,Low,Low,PAGE Parent route /parent/learning/grades (line 234)
Parent,/parent/learning/schedule,PAGE,parent-schedule,N/A,None,../views/PhuHuynh/Learning/ScheduleView.vue,Thời khóa biểu,,,false,Parent,false,false,meta.title,true,route.meta.title,route.meta.title,,,parentApi,/api/parent/dashboard,Real API,STATIC_CODE,API_CONNECTED,Low,Low,PAGE Parent route /parent/learning/schedule (line 240)
Parent,/parent/notifications/history,PAGE,parent-notifications-history,N/A,None,../views/PhuHuynh/Notifications/HistoryView.vue,Lịch sử thông báo,,,false,Parent,false,false,meta.title,true,route.meta.title,route.meta.title,,,parentApi,/api/parent/dashboard,Real API,STATIC_CODE,API_CONNECTED,Low,Low,PAGE Parent route /parent/notifications/history (line 288)
Parent,/parent/notifications/system,PAGE,parent-notifications,N/A,None,../views/PhuHuynh/Notifications/SystemView.vue,Thông báo hệ thống,,,false,Parent,false,false,meta.title,true,route.meta.title,route.meta.title,,,parentApi,/api/parent/dashboard,Real API,STATIC_CODE,API_CONNECTED,Low,Low,PAGE Parent route /parent/notifications/system (line 282)
Parent,/parent/profile/access-rights,PAGE,parent-profile-access-rights,N/A,None,../views/PhuHuynh/Profile/AccessRightsView.vue,Quyền truy cập,,,false,Parent,false,false,meta.title,true,route.meta.title,route.meta.title,,,parentApi,/api/parent/dashboard,Real API,STATIC_CODE,API_CONNECTED,Low,Low,PAGE Parent route /parent/profile/access-rights (line 300)
Parent,/parent/profile/info,PAGE,parent-profile-info,N/A,None,../views/PhuHuynh/Profile/InfoView.vue,Hồ sơ cá nhân,,,false,Parent,false,false,meta.title,true,route.meta.title,route.meta.title,,,parentApi,/api/parent/dashboard,Real API,STATIC_CODE,API_CONNECTED,Low,Low,PAGE Parent route /parent/profile/info (line 294)
Public,/payment/cancel,PAGE,payment-cancel,N/A,None,../views/Payment/PaymentCancelView.vue,Đã hủy thanh toán,,,false,Public,false,false,meta.title,true,route.meta.title,route.meta.title,,,,,Static UI,STATIC_CODE,STATIC_FUNCTIONAL,Low,Low,PAGE Public route /payment/cancel (line 66)
Public,/payment/success,PAGE,payment-success,N/A,None,../views/Payment/PaymentSuccessView.vue,Thanh toán đang xác nhận,,,false,Public,false,false,meta.title,true,route.meta.title,route.meta.title,,,,,Static UI,STATIC_CODE,STATIC_FUNCTIONAL,Low,Low,PAGE Public route /payment/success (line 60)
Staff,/staff,LAYOUT,UNNAMED,N/A,None,../components/GiaoVu/Layout_GiaoVu.vue,,,,true,Staff,false,false,None,false,None,None,,,,,Static UI,STATIC_CODE,STATIC_FUNCTIONAL,Low,Low,LAYOUT Staff route /staff (line 360)
Staff,/staff/academic-terms,PAGE,staff-academic-terms,N/A,None,../views/GiaoVu/AcademicTerms/AcademicTermManagementView.vue,Quản lý học kỳ,,,false,Staff,false,false,meta.title,true,route.meta.title,route.meta.title,,,academicTermApi,/api/master-data/academic-terms,Real API,STATIC_CODE,API_CONNECTED,Low,Low,PAGE Staff route /staff/academic-terms (line 382)
Staff,/staff/accounts,PAGE,staff-accounts,N/A,None,../views/GiaoVu/Accounts/AccountManagementView.vue,Quản lý tài khoản,,,false,Staff,false,false,meta.title,true,route.meta.title,route.meta.title,,,,,Static UI,STATIC_CODE,UNVERIFIED,Low,Low,PAGE Staff route /staff/accounts (line 407)
Staff,/staff/assignments,PAGE,staff-assignments,N/A,None,../views/GiaoVu/Schedule/TeacherAssignmentView.vue,Phân công giảng viên,,,false,Staff,false,false,meta.title,true,route.meta.title,route.meta.title,,,,,Static UI,STATIC_CODE,UNVERIFIED,Low,Low,PAGE Staff route /staff/assignments (line 374)
Staff,/staff/buildings,PAGE,staff-buildings,N/A,None,../views/GiaoVu/Facilities/BuildingManagementView.vue,Quản lý tòa nhà,,,false,Staff,false,false,meta.title,true,route.meta.title,route.meta.title,,,buildingApi,/api/master-data/buildings,Real API,STATIC_CODE,API_CONNECTED,Low,Low,PAGE Staff route /staff/buildings (line 375)
Staff,/staff/capacity,PAGE,staff-capacity,N/A,None,../views/GiaoVu/Registration/CapacityAdjustmentView.vue,Điều chỉnh dung lượng,Quản lý sức chứa và danh sách chờ các lớp học,,false,Staff,false,false,meta.title,true,route.meta.title,route.meta.title,,,registrationApi,/api/admin/registration-periods,Real API,STATIC_CODE,API_CONNECTED,Low,Low,PAGE Staff route /staff/capacity (line 388)
Staff,/staff/classes,PAGE,staff-classes,N/A,None,../views/GiaoVu/Classes/ClassManagementView.vue,Lớp hành chính,,,false,Staff,false,false,meta.title,true,route.meta.title,route.meta.title,,,classApi,/api/admin/classes,Real API,STATIC_CODE,API_CONNECTED,Low,Low,PAGE Staff route /staff/classes (line 406)
Staff,/staff/conflicts,PAGE,staff-conflicts,N/A,None,../views/GiaoVu/Schedule/ConflictCheckView.vue,Kiểm tra xung đột,,,false,Staff,false,false,meta.title,true,route.meta.title,route.meta.title,,,scheduleApi,/api/thoi-khoa-bieu,Real API,STATIC_CODE,API_CONNECTED,Low,Low,PAGE Staff route /staff/conflicts (line 379)
Staff,/staff/course-status,PAGE,staff-course-status,N/A,None,../views/GiaoVu/Registration/CourseStatusView.vue,Trạng thái khóa học,Giám sát trạng thái các lớp học và xử lý hủy lớp,,false,Staff,false,false,meta.title,true,route.meta.title,route.meta.title,,,registrationApi,/api/admin/registration-periods,Real API,STATIC_CODE,API_CONNECTED,Low,Low,PAGE Staff route /staff/course-status (line 389)
Staff,/staff/courses,PAGE,staff-courses,N/A,None,../views/GiaoVu/Courses/CourseManagementView.vue,Danh sách khóa học,Quản lý và phân phối môn học cho giảng viên và lớp hành chính,,false,Staff,false,false,meta.title,true,route.meta.title,route.meta.title,,,courseApi,/api/courses,Real API,STATIC_CODE,API_CONNECTED,Low,Low,PAGE Staff route /staff/courses (line 384)
Staff,/staff/dashboard,PAGE,staff-dashboard,N/A,None,../views/GiaoVu/Dashboard.vue,Tổng quan giáo vụ,,,false,Staff,false,false,meta.title,true,route.meta.title,route.meta.title,,,,,Static UI,STATIC_CODE,UNVERIFIED,Low,Low,PAGE Staff route /staff/dashboard (line 366)
Staff,/staff/floors,PAGE,staff-floors,N/A,None,../views/GiaoVu/Facilities/FloorManagementView.vue,Quản lý lầu,,,false,Staff,false,false,meta.title,true,route.meta.title,route.meta.title,,,floorApi,/api/master-data/floors,Real API,STATIC_CODE,API_CONNECTED,Low,Low,PAGE Staff route /staff/floors (line 376)
Staff,/staff/notices/history,PAGE,staff-notices-history,N/A,None,../views/GiaoVu/Notices/NoticeHistoryView.vue,,,,false,Staff,false,false,None,false,None,None,,,notificationsApi,/api/notifications/unread-count,Real API,STATIC_CODE,API_CONNECTED,Low,Low,PAGE Staff route /staff/notices/history (line 401)
Staff,/staff/notices/send,PAGE,staff-notices-send,N/A,None,../views/GiaoVu/Notices/SendNoticeView.vue,,,,false,Staff,false,false,None,false,None,None,,,,,Static UI,STATIC_CODE,UNVERIFIED,Low,Low,PAGE Staff route /staff/notices/send (line 396)
Staff,/staff/profile,PAGE,staff-profile,N/A,None,../views/GiaoVu/Profile/StaffProfileView.vue,,,,false,Staff,false,false,None,false,None,None,,,apiClient,/api/auth/login,Real API,STATIC_CODE,API_CONNECTED,Low,Low,PAGE Staff route /staff/profile (line 408)
Staff,/staff/registrations,PAGE,staff-registrations,N/A,None,../views/GiaoVu/Registration/RegistrationPeriodsView.vue,Quản lý đợt đăng ký,Cấu hình và quản lý các đợt đăng ký môn học,,false,Staff,false,false,meta.title,true,route.meta.title,route.meta.title,,,registrationApi,/api/admin/registration-periods,Real API,STATIC_CODE,API_CONNECTED,Low,Low,PAGE Staff route /staff/registrations (line 387)
Staff,/staff/requests,PAGE,staff-requests,N/A,None,../views/GiaoVu/Requests/PendingRequestsView.vue,Đơn cần xử lý,,,false,Staff,false,false,meta.title,true,route.meta.title,route.meta.title,,,staffApi,/api/staff/dashboard,Real API,STATIC_CODE,API_CONNECTED,Low,Low,PAGE Staff route /staff/requests (line 392)
Staff,/staff/requests-history,PAGE,staff-requests-history,N/A,None,../views/GiaoVu/Requests/RequestHistoryView.vue,Đơn đã xử lý,,,false,Staff,false,false,meta.title,true,route.meta.title,route.meta.title,,,applicationsApi,/api/student/applications,Real API,STATIC_CODE,API_CONNECTED,Low,Low,PAGE Staff route /staff/requests-history (line 393)
Staff,/staff/rooms,PAGE,staff-rooms,N/A,None,../views/GiaoVu/Schedule/RoomManagementView.vue,Quản lý phòng học,,,false,Staff,false,false,meta.title,true,route.meta.title,route.meta.title,,,roomApi,/api/master-data/rooms,Real API,STATIC_CODE,API_CONNECTED,Low,Low,PAGE Staff route /staff/rooms (line 378)
Staff,/staff/schedule,PAGE,staff-schedule,N/A,None,../views/GiaoVu/Schedule/ScheduleManagerView.vue,Quản lý thời khóa biểu,,,false,Staff,false,false,meta.title,true,route.meta.title,route.meta.title,,,scheduleApi,/api/thoi-khoa-bieu,Real API,STATIC_CODE,API_CONNECTED,Low,Low,PAGE Staff route /staff/schedule (line 372)
Staff,/staff/schedule/pending,PAGE,staff-schedule-pending,N/A,None,../views/GiaoVu/Schedule/PendingSchedulesView.vue,Bản nháp thời khóa biểu,,,false,Staff,false,false,meta.title,true,route.meta.title,route.meta.title,,,academicTermApi,/api/master-data/academic-terms,Real API,STATIC_CODE,API_CONNECTED,Low,Low,PAGE Staff route /staff/schedule/pending (line 380)
Staff,/staff/schedule/published,PAGE,staff-schedule-published,N/A,None,../views/GiaoVu/Schedule/StaffPublishedSchedulesView.vue,Lịch đã công bố,,,false,Staff,false,false,meta.title,true,route.meta.title,route.meta.title,,,scheduleApi,/api/thoi-khoa-bieu,Real API,STATIC_CODE,API_CONNECTED,Low,Low,PAGE Staff route /staff/schedule/published (line 381)
Staff,/staff/shifts,PAGE,staff-shifts,N/A,None,../views/GiaoVu/Schedule/ShiftManagementView.vue,Quản lý ca học,,,false,Staff,false,false,meta.title,true,route.meta.title,route.meta.title,,,shiftApi,/api/ca-hoc/active,Real API,STATIC_CODE,API_CONNECTED,Low,Low,PAGE Staff route /staff/shifts (line 377)
Staff,/staff/subjects,PAGE,staff-subjects,N/A,None,../views/GiaoVu/Subjects/SubjectManagementView.vue,Quản lý môn học,,,false,Staff,false,false,meta.title,true,route.meta.title,route.meta.title,,,subjectApi,/api/master-data/subjects,Real API,STATIC_CODE,API_CONNECTED,Low,Low,PAGE Staff route /staff/subjects (line 383)
Staff,/staff/teaching-preferences,PAGE,staff-teaching-preferences,N/A,None,../views/GiaoVu/TeachingPreferenceSummaryView.vue,Tổng hợp nguyện vọng giảng dạy,,,false,Staff,false,false,meta.title,true,route.meta.title,route.meta.title,,,staffApi,/api/staff/dashboard,Real API,STATIC_CODE,API_CONNECTED,Low,Low,PAGE Staff route /staff/teaching-preferences (line 373)
Staff,/staff/workflow,PAGE,staff-workflow,N/A,None,../views/GiaoVu/Requests/WorkflowConfigView.vue,Cấu hình quy trình,,,false,Staff,false,false,meta.title,true,route.meta.title,route.meta.title,,,workflowApi,/api/admin/applications/workflow,Real API,STATIC_CODE,API_CONNECTED,Low,Low,PAGE Staff route /staff/workflow (line 394)
Student,/student,LAYOUT,UNNAMED,N/A,None,../components/SinhVien/Layout_SinhVien.vue,,,,true,Student,false,false,None,false,None,None,,,,,Static UI,STATIC_CODE,STATIC_FUNCTIONAL,Low,Low,LAYOUT Student route /student (line 74)
Student,/student/assignments,PAGE,student-assignments,N/A,None,../views/Student/AssignmentsView.vue,Bài tập,,,false,Student,false,false,meta.title,true,route.meta.title,route.meta.title,,,studentApi,/api/student/dashboard,Real API,STATIC_CODE,API_CONNECTED,Low,Low,PAGE Student route /student/assignments (line 104)
Student,/student/assignments/:assignmentId,PAGE,student-assignment-detail,N/A,None,../views/Student/AssignmentDetailView.vue,Chi tiết bài tập,,,false,Student,false,false,meta.title,true,route.meta.title,route.meta.title,,,studentApi,/api/student/dashboard,Real API,STATIC_CODE,API_CONNECTED,Low,Low,PAGE Student route /student/assignments/:assignmentId (line 110)
Student,/student/attendance,PAGE,student-attendance,N/A,None,../views/Student/AttendanceView.vue,Điểm danh,,,false,Student,false,false,meta.title,true,route.meta.title,route.meta.title,,,studentApi,/api/student/dashboard,Real API,STATIC_CODE,API_CONNECTED,Low,Low,PAGE Student route /student/attendance (line 146)
Student,/student/courses,PAGE,student-courses,N/A,None,../views/SinhVien/HocTap/KhoacHoc.vue,Khóa học,,,false,Student,false,false,meta.title,true,route.meta.title,route.meta.title,,,studentApi,/api/student/dashboard,Real API,STATIC_CODE,API_CONNECTED,Low,Low,PAGE Student route /student/courses (line 86)
Student,/student/courses/:courseId,PAGE,student-course-detail,N/A,None,../views/Student/CourseDetailView.vue,Chi tiết khóa học,,,false,Student,false,false,meta.title,true,route.meta.title,route.meta.title,,,studentApi,/api/student/dashboard,Real API,STATIC_CODE,API_CONNECTED,Low,Low,PAGE Student route /student/courses/:courseId (line 98)
Student,/student/curriculum,PAGE,student-curriculum,N/A,None,../views/Student/CurriculumView.vue,Khung chương trình,,,false,Student,false,false,meta.title,true,route.meta.title,route.meta.title,,,studentApi,/api/student/dashboard,Real API,STATIC_CODE,API_CONNECTED,Low,Low,PAGE Student route /student/curriculum (line 92)
Student,/student/dashboard,PAGE,student-dashboard,N/A,None,../views/SinhVien/Dashboard.vue,Dashboard,,,false,Student,false,false,meta.title,true,route.meta.title,route.meta.title,,,studentApi,/api/student/dashboard,Real API,STATIC_CODE,API_CONNECTED,Low,Low,PAGE Student route /student/dashboard (line 80)
Student,/student/discipline,PAGE,student-discipline,N/A,None,../views/Student/DisciplineView.vue,Kỷ luật,,,false,Student,false,false,meta.title,true,route.meta.title,route.meta.title,,,studentApi,/api/student/dashboard,Real API,STATIC_CODE,API_CONNECTED,Low,Low,PAGE Student route /student/discipline (line 194)
Student,/student/evaluations,PAGE,student-evaluations,N/A,None,../views/Student/EvaluationsView.vue,Đánh giá giảng viên,,,false,Student,false,false,meta.title,true,route.meta.title,route.meta.title,,,studentApi,/api/student/dashboard,Real API,STATIC_CODE,API_CONNECTED,Low,Low,PAGE Student route /student/evaluations (line 176)
Student,/student/exams,PAGE,student-exams,N/A,None,../views/Student/ExamsView.vue,Thi / Kiểm tra,,,false,Student,false,false,meta.title,true,route.meta.title,route.meta.title,,,studentExamService,/api/exam/student/list,Real API,STATIC_CODE,API_CONNECTED,Low,Low,PAGE Student route /student/exams (line 116)
Student,/student/exams/:examId/take,FULLSCREEN,student-exam-take,N/A,None,../views/Student/ExamTakeView.vue,Làm bài thi,,,true,Student,true,false,meta.title,true,route.meta.title,route.meta.title,,,examApi,/api/exam/student/list,Real API,STATIC_CODE,API_CONNECTED,Low,Low,FULLSCREEN Student route /student/exams/:examId/take (line 54)
Student,/student/exams/:examResultId,PAGE,student-exam-result,N/A,None,../views/Student/ExamResultView.vue,Kết quả kiểm tra,,,false,Student,false,false,meta.title,true,route.meta.title,route.meta.title,,,examApi,/api/exam/student/list,Real API,STATIC_CODE,API_CONNECTED,Low,Low,PAGE Student route /student/exams/:examResultId (line 128)
Student,/student/exams/detail/:examId,PAGE,student-exam-detail,N/A,None,../views/Student/ExamDetailView.vue,Chi tiết bài thi,,,false,Student,false,false,meta.title,true,route.meta.title,route.meta.title,,,examApi,/api/exam/student/list,Real API,STATIC_CODE,API_CONNECTED,Low,Low,PAGE Student route /student/exams/detail/:examId (line 122)
Student,/student/grades,PAGE,student-grades,N/A,None,../views/Student/GradesView.vue,Bảng điểm,,,false,Student,false,false,meta.title,true,route.meta.title,route.meta.title,,,studentApi,/api/student/dashboard,Real API,STATIC_CODE,API_CONNECTED,Low,Low,PAGE Student route /student/grades (line 134)
Student,/student/notifications,PAGE,student-notifications,N/A,None,../views/Student/NotificationsView.vue,Thông báo,,,false,Student,false,false,meta.title,true,route.meta.title,route.meta.title,,,,,Static UI,STATIC_CODE,UNVERIFIED,Low,Low,PAGE Student route /student/notifications (line 200)
Student,/student/profile,PAGE,student-profile,N/A,None,../views/Student/ProfileView.vue,Hồ sơ cá nhân,,,false,Student,false,false,meta.title,true,route.meta.title,route.meta.title,,,studentApi,/api/student/dashboard,Real API,STATIC_CODE,API_CONNECTED,Low,Low,PAGE Student route /student/profile (line 182)
Student,/student/registrations,PAGE,student-registrations,N/A,None,../views/Student/RegistrationsView.vue,Đăng ký môn,,,false,Student,false,false,meta.title,true,route.meta.title,route.meta.title,,,registrationApi,/api/admin/registration-periods,Real API,STATIC_CODE,API_CONNECTED,Low,Low,PAGE Student route /student/registrations (line 152)
Student,/student/requests,PAGE,student-requests,N/A,None,../views/Student/RequestsView.vue,Đơn từ,,,false,Student,false,false,meta.title,true,route.meta.title,route.meta.title,,,,,Static UI,STATIC_CODE,UNVERIFIED,Low,Low,PAGE Student route /student/requests (line 170)
Student,/student/rewards,PAGE,student-rewards,N/A,None,../views/Student/RewardsView.vue,Khen thưởng,,,false,Student,false,false,meta.title,true,route.meta.title,route.meta.title,,,studentApi,/api/student/dashboard,Real API,STATIC_CODE,API_CONNECTED,Low,Low,PAGE Student route /student/rewards (line 188)
Student,/student/schedule,PAGE,student-schedule,N/A,None,../views/Student/ScheduleView.vue,Thời khóa biểu,,,false,Student,false,false,meta.title,true,route.meta.title,route.meta.title,,,studentApi,/api/student/dashboard,Real API,STATIC_CODE,API_CONNECTED,Low,Low,PAGE Student route /student/schedule (line 140)
Student,/student/support-tickets,PAGE,student-support-tickets,N/A,None,../views/Student/SupportTicketsView.vue,Hỗ trợ & Ticket,,,false,Student,false,false,meta.title,true,route.meta.title,route.meta.title,,,,,Static UI,STATIC_CODE,HIDE_FROM_DEMO,Low,Low,PAGE Student route /student/support-tickets (line 164)
Student,/student/tuition,PAGE,student-tuition,N/A,None,../views/Student/TuitionView.vue,Học phí & Thanh toán,,,false,Student,false,false,meta.title,true,route.meta.title,route.meta.title,,,,,Static UI,STATIC_CODE,UNVERIFIED,Low,Low,PAGE Student route /student/tuition (line 158)
SuperAdmin|Admin,/super-admin,LAYOUT,UNNAMED,N/A,None,../components/SuperAdmin/Layout_SuperAdmin.vue,,,,true,SuperAdmin|Admin,false,false,None,false,None,None,,,,,Static UI,STATIC_CODE,STATIC_FUNCTIONAL,Low,Low,LAYOUT SuperAdmin|Admin route /super-admin (line 468)
SuperAdmin|Admin,/super-admin/approvals/history,PAGE,super-admin-approvals-history,N/A,None,../views/SuperAdmin/ApprovalsHistoryView.vue,,,,false,SuperAdmin|Admin,false,false,None,false,None,None,,,applicationsApi,/api/student/applications,Real API,STATIC_CODE,API_CONNECTED,Low,Low,PAGE SuperAdmin|Admin route /super-admin/approvals/history (line 607)
SuperAdmin|Admin,/super-admin/approvals/reports,PAGE,super-admin-approvals-reports,N/A,None,../views/SuperAdmin/ApplicationReportsView.vue,Báo cáo đơn từ,,,false,SuperAdmin|Admin,false,false,meta.title,true,route.meta.title,route.meta.title,,,,,Static UI,STATIC_CODE,UNVERIFIED,Low,Low,PAGE SuperAdmin|Admin route /super-admin/approvals/reports (line 612)
SuperAdmin|Admin,/super-admin/approvals/requests,PAGE,super-admin-approvals-requests,N/A,None,../views/SuperAdmin/ApprovalsRequestsView.vue,Đơn cần duyệt,,,false,SuperAdmin|Admin,false,false,meta.title,true,route.meta.title,route.meta.title,,,,,Static UI,STATIC_CODE,UNVERIFIED,Low,Low,PAGE SuperAdmin|Admin route /super-admin/approvals/requests (line 601)
SuperAdmin|Admin,/super-admin/audit/logs,PAGE,super-admin-audit-logs,N/A,None,../views/SuperAdmin/AuditLogsView.vue,Audit Log,,,false,SuperAdmin|Admin,false,false,meta.title,true,route.meta.title,route.meta.title,,,apiClient,/api/auth/login,Real API,STATIC_CODE,API_CONNECTED,Low,Low,PAGE SuperAdmin|Admin route /super-admin/audit/logs (line 719)
SuperAdmin|Admin,/super-admin/awards,PAGE,super-admin-awards,N/A,None,../views/SuperAdmin/AwardsView.vue,Khen thưởng,,,false,SuperAdmin|Admin,false,false,meta.title,true,route.meta.title,route.meta.title,,,apiClient,/api/auth/login,Real API,STATIC_CODE,API_CONNECTED,Low,Low,PAGE SuperAdmin|Admin route /super-admin/awards (line 654)
SuperAdmin|Admin,/super-admin/dashboard,PAGE,super-admin-dashboard,N/A,None,../views/SuperAdmin/Dashboard.vue,Dashboard Quản trị,,,false,SuperAdmin|Admin,false,false,meta.title,true,route.meta.title,route.meta.title,,,apiClient,/api/auth/login,Real API,STATIC_CODE,API_CONNECTED,Low,Low,PAGE SuperAdmin|Admin route /super-admin/dashboard (line 474)
SuperAdmin|Admin,/super-admin/discipline,PAGE,super-admin-discipline,N/A,None,../views/SuperAdmin/DisciplineView.vue,Kỷ luật,,,false,SuperAdmin|Admin,false,false,meta.title,true,route.meta.title,route.meta.title,,,apiClient,/api/auth/login,Real API,STATIC_CODE,API_CONNECTED,Low,Low,PAGE SuperAdmin|Admin route /super-admin/discipline (line 660)
SuperAdmin|Admin,/super-admin/discipline/appeals,PAGE,super-admin-discipline-appeals,N/A,None,../views/SuperAdmin/DisciplineAppealsView.vue,Khiếu nại kỷ luật,,,false,SuperAdmin|Admin,false,false,meta.title,true,route.meta.title,route.meta.title,,,,,Static UI,STATIC_CODE,UNVERIFIED,Low,Low,PAGE SuperAdmin|Admin route /super-admin/discipline/appeals (line 636)
SuperAdmin|Admin,/super-admin/discipline/records,PAGE,super-admin-discipline-records,N/A,None,../views/SuperAdmin/DisciplineRecordsView.vue,Hồ sơ kỷ luật,,,false,SuperAdmin|Admin,false,false,meta.title,true,route.meta.title,route.meta.title,,,,,Static UI,STATIC_CODE,UNVERIFIED,Low,Low,PAGE SuperAdmin|Admin route /super-admin/discipline/records (line 630)
SuperAdmin|Admin,/super-admin/evaluations/config,PAGE,super-admin-evaluations-config,N/A,None,../views/SuperAdmin/EvaluationsConfigView.vue,Cấu hình đánh giá GV,,,false,SuperAdmin|Admin,false,false,meta.title,true,route.meta.title,route.meta.title,,,,,Static UI,STATIC_CODE,UNVERIFIED,Low,Low,PAGE SuperAdmin|Admin route /super-admin/evaluations/config (line 642)
SuperAdmin|Admin,/super-admin/evaluations/results,PAGE,super-admin-evaluations-results,N/A,None,../views/SuperAdmin/EvaluationsResultsView.vue,Kết quả đánh giá GV,,,false,SuperAdmin|Admin,false,false,meta.title,true,route.meta.title,route.meta.title,,,bghApi,/api/bgh/dashboard,Real API,STATIC_CODE,API_CONNECTED,Low,Low,PAGE SuperAdmin|Admin route /super-admin/evaluations/results (line 648)
SuperAdmin|Admin,/super-admin/finance/payments,PAGE,super-admin-finance-payments,N/A,None,../views/SuperAdmin/Finance/FinanceMonitorView.vue,Theo dõi thanh toán,,,false,SuperAdmin|Admin,false,false,meta.title,true,route.meta.title,route.meta.title,,,,,Static UI,STATIC_CODE,HIDE_FROM_DEMO,Low,Low,PAGE SuperAdmin|Admin route /super-admin/finance/payments (line 579)
SuperAdmin|Admin,/super-admin/finance/refunds,PAGE,super-admin-finance-refunds,N/A,None,../views/SuperAdmin/Finance/FinanceMonitorView.vue,Hoàn phí/Bảo lưu,,,false,SuperAdmin|Admin,false,false,meta.title,true,route.meta.title,route.meta.title,,,,,Static UI,STATIC_CODE,HIDE_FROM_DEMO,Low,Low,PAGE SuperAdmin|Admin route /super-admin/finance/refunds (line 586)
SuperAdmin|Admin,/super-admin/finance/student-debts,PAGE,super-admin-finance-student-debts,N/A,None,../views/SuperAdmin/Finance/FinanceMonitorView.vue,Công nợ sinh viên,,,false,SuperAdmin|Admin,false,false,meta.title,true,route.meta.title,route.meta.title,,,,,Static UI,STATIC_CODE,HIDE_FROM_DEMO,Low,Low,PAGE SuperAdmin|Admin route /super-admin/finance/student-debts (line 572)
SuperAdmin|Admin,/super-admin/finance/tuition-config,PAGE,super-admin-finance-tuition-config,N/A,None,../views/SuperAdmin/Finance/TuitionConfigView.vue,Cấu hình học phí,,,false,SuperAdmin|Admin,false,false,meta.title,true,route.meta.title,route.meta.title,,,,,Static UI,STATIC_CODE,HIDE_FROM_DEMO,Low,Low,PAGE SuperAdmin|Admin route /super-admin/finance/tuition-config (line 565)
SuperAdmin|Admin,/super-admin/login-history,PAGE,super-admin-login-history,N/A,None,../views/SuperAdmin/LoginHistoryView.vue,Lịch sử đăng nhập,,,false,SuperAdmin|Admin,false,false,meta.title,true,route.meta.title,route.meta.title,,,apiClient,/api/auth/login,Real API,STATIC_CODE,API_CONNECTED,Low,Low,PAGE SuperAdmin|Admin route /super-admin/login-history (line 508)
SuperAdmin|Admin,/super-admin/notifications/history,PAGE,super-admin-notifications-history,N/A,None,../views/SuperAdmin/NotificationHistoryView.vue,Lịch sử thông báo,,,false,SuperAdmin|Admin,false,false,meta.title,true,route.meta.title,route.meta.title,,,notificationsApi,/api/notifications/unread-count,Real API,STATIC_CODE,API_CONNECTED,Low,Low,PAGE SuperAdmin|Admin route /super-admin/notifications/history (line 712)
SuperAdmin|Admin,/super-admin/notifications/send,PAGE,super-admin-notifications-send,N/A,None,../views/SuperAdmin/SendNotificationView.vue,Gửi thông báo toàn hệ thống,,,false,SuperAdmin|Admin,false,false,meta.title,true,route.meta.title,route.meta.title,,,,,Static UI,STATIC_CODE,UNVERIFIED,Low,Low,PAGE SuperAdmin|Admin route /super-admin/notifications/send (line 706)
SuperAdmin|Admin,/super-admin/notifications/templates,PAGE,super-admin-notifications-templates,N/A,None,../views/SuperAdmin/NotificationTemplatesView.vue,Template thông báo,,,false,SuperAdmin|Admin,false,false,meta.title,true,route.meta.title,route.meta.title,,,,,Static UI,STATIC_CODE,UNVERIFIED,Low,Low,PAGE SuperAdmin|Admin route /super-admin/notifications/templates (line 700)
SuperAdmin|Admin,/super-admin/operations/attendance-policy,PAGE,super-admin-operations-attendance-policy,N/A,None,../views/SuperAdmin/AttendancePolicyView.vue,Quỹ vắng & Chuyên cần,,,false,SuperAdmin|Admin,false,false,meta.title,true,route.meta.title,route.meta.title,,,,,Static UI,STATIC_CODE,UNVERIFIED,Low,Low,PAGE SuperAdmin|Admin route /super-admin/operations/attendance-policy (line 546)
SuperAdmin|Admin,/super-admin/operations/pass-fail-rules,PAGE,super-admin-operations-pass-fail-rules,N/A,None,../views/SuperAdmin/PassFailRulesView.vue,Điều kiện Pass/Fail,,,false,SuperAdmin|Admin,false,false,meta.title,true,route.meta.title,route.meta.title,,,,,Static UI,STATIC_CODE,UNVERIFIED,Low,Low,PAGE SuperAdmin|Admin route /super-admin/operations/pass-fail-rules (line 558)
SuperAdmin|Admin,/super-admin/operations/registration-periods,PAGE,super-admin-operations-registration-periods,N/A,None,../views/SuperAdmin/RegistrationPeriodsView.vue,Mở/Đóng đăng ký môn,,,false,SuperAdmin|Admin,false,false,meta.title,true,route.meta.title,route.meta.title,,,registrationApi,/api/admin/registration-periods,Real API,STATIC_CODE,API_CONNECTED,Low,Low,PAGE SuperAdmin|Admin route /super-admin/operations/registration-periods (line 552)
SuperAdmin|Admin,/super-admin/organizations,PAGE,super-admin-organizations,N/A,None,../views/SuperAdmin/OrganizationsView.vue,Quản lý cây tổ chức,,,false,SuperAdmin|Admin,false,false,meta.title,true,route.meta.title,route.meta.title,,,organizationService,/api/organizations,Real API,STATIC_CODE,API_CONNECTED,Low,Low,PAGE SuperAdmin|Admin route /super-admin/organizations (line 487)
SuperAdmin|Admin,/super-admin/profile,PAGE,super-admin-profile,N/A,None,../views/SuperAdmin/ProfileView.vue,Hồ sơ cá nhân Admin,,,false,SuperAdmin|Admin,false,false,meta.title,true,route.meta.title,route.meta.title,,,apiClient,/api/auth/login,Real API,STATIC_CODE,API_CONNECTED,Low,Low,PAGE SuperAdmin|Admin route /super-admin/profile (line 480)
SuperAdmin|Admin,/super-admin/reports/attendance,PAGE,super-admin-reports-attendance,N/A,None,../views/SuperAdmin/AttendanceReportView.vue,Báo cáo chuyên cần,,,false,SuperAdmin|Admin,false,false,meta.title,true,route.meta.title,route.meta.title,,,,,Static UI,STATIC_CODE,HIDE_FROM_DEMO,Low,Low,PAGE SuperAdmin|Admin route /super-admin/reports/attendance (line 680)
SuperAdmin|Admin,/super-admin/reports/campus-comparison,PAGE,super-admin-reports-campus-comparison,N/A,None,../views/SuperAdmin/CampusComparisonView.vue,So sánh cơ sở,,,false,SuperAdmin|Admin,false,false,meta.title,true,route.meta.title,route.meta.title,,,,,Static UI,STATIC_CODE,UNVERIFIED,Low,Low,PAGE SuperAdmin|Admin route /super-admin/reports/campus-comparison (line 687)
SuperAdmin|Admin,/super-admin/reports/education-overview,PAGE,super-admin-reports-education-overview,N/A,None,../views/SuperAdmin/EducationOverviewView.vue,Tổng quan đào tạo,,,false,SuperAdmin|Admin,false,false,meta.title,true,route.meta.title,route.meta.title,,,bghApi,/api/bgh/dashboard,Real API,STATIC_CODE,API_CONNECTED,Low,Low,PAGE SuperAdmin|Admin route /super-admin/reports/education-overview (line 667)
SuperAdmin|Admin,/super-admin/reports/export,PAGE,super-admin-reports-export,N/A,None,../views/SuperAdmin/DataExportView.vue,Export dữ liệu,,,false,SuperAdmin|Admin,false,false,meta.title,true,route.meta.title,route.meta.title,,,,,Static UI,STATIC_CODE,UNVERIFIED,Low,Low,PAGE SuperAdmin|Admin route /super-admin/reports/export (line 693)
SuperAdmin|Admin,/super-admin/reports/learning,PAGE,super-admin-reports-learning,N/A,None,../views/SuperAdmin/LearningReportView.vue,Báo cáo học tập,,,false,SuperAdmin|Admin,false,false,meta.title,true,route.meta.title,route.meta.title,,,,,Static UI,STATIC_CODE,HIDE_FROM_DEMO,Low,Low,PAGE SuperAdmin|Admin route /super-admin/reports/learning (line 673)
SuperAdmin|Admin,/super-admin/rewards-discipline,PAGE,super-admin-rewards-discipline,N/A,None,../views/SuperAdmin/RewardDisciplineView.vue,Khen thưởng & Kỷ luật,,,false,SuperAdmin|Admin,false,false,meta.title,true,route.meta.title,route.meta.title,,,,,Static UI,STATIC_CODE,UNVERIFIED,Low,Low,PAGE SuperAdmin|Admin route /super-admin/rewards-discipline (line 618)
SuperAdmin|Admin,/super-admin/rewards/campaigns,PAGE,super-admin-rewards-campaigns,N/A,None,../views/SuperAdmin/RewardCampaignsView.vue,Chiến dịch khen thưởng,,,false,SuperAdmin|Admin,false,false,meta.title,true,route.meta.title,route.meta.title,,,,,Static UI,STATIC_CODE,UNVERIFIED,Low,Low,PAGE SuperAdmin|Admin route /super-admin/rewards/campaigns (line 624)
SuperAdmin|Admin,/super-admin/roles-permissions,PAGE,super-admin-roles-permissions,N/A,None,../views/SuperAdmin/RolesPermissionsView.vue,Vai trò & Quyền hạn,,,false,SuperAdmin|Admin,false,false,meta.title,true,route.meta.title,route.meta.title,,,rbacService,/api/admin/rbac/roles,Real API,STATIC_CODE,API_CONNECTED,Low,Low,PAGE SuperAdmin|Admin route /super-admin/roles-permissions (line 502)
SuperAdmin|Admin,/super-admin/security/alerts,PAGE,super-admin-security-alerts,N/A,None,../views/SuperAdmin/SecurityAlertsView.vue,Security Alert,,,false,SuperAdmin|Admin,false,false,meta.title,true,route.meta.title,route.meta.title,,,superAdminApi,/api/super-admin/security/alerts,Real API,STATIC_CODE,API_CONNECTED,Low,Low,PAGE SuperAdmin|Admin route /super-admin/security/alerts (line 725)
SuperAdmin|Admin,/super-admin/support/tickets,PAGE,super-admin-support-tickets,N/A,None,../views/SuperAdmin/SupportTicketsView.vue,Ticket hỗ trợ,,,false,SuperAdmin|Admin,false,false,meta.title,true,route.meta.title,route.meta.title,,,,,Static UI,STATIC_CODE,HIDE_FROM_DEMO,Low,Low,PAGE SuperAdmin|Admin route /super-admin/support/tickets (line 594)
SuperAdmin|Admin,/super-admin/system/ai-automation,PAGE,super-admin-system-ai-automation,N/A,None,../views/SuperAdmin/AiAutomationView.vue,Cấu hình AI & Automation,,,false,SuperAdmin|Admin,false,false,meta.title,true,route.meta.title,route.meta.title,,,apiClient,/api/auth/login,Real API,STATIC_CODE,API_CONNECTED,Low,Low,PAGE SuperAdmin|Admin route /super-admin/system/ai-automation (line 737)
SuperAdmin|Admin,/super-admin/system/modules,PAGE,super-admin-system-modules,N/A,None,../views/SuperAdmin/SystemModulesView.vue,Bật/Tắt module,,,false,SuperAdmin|Admin,false,false,meta.title,true,route.meta.title,route.meta.title,,,superAdminApi,/api/super-admin/security/alerts,Real API,STATIC_CODE,API_CONNECTED,Low,Low,PAGE SuperAdmin|Admin route /super-admin/system/modules (line 731)
SuperAdmin|Admin,/super-admin/training/courses,PAGE,super-admin-training-courses,N/A,None,../views/SuperAdmin/CoursesView.vue,Quản lý khóa học,,,false,SuperAdmin|Admin,false,false,meta.title,true,route.meta.title,route.meta.title,,,courseApi,/api/courses,Real API,STATIC_CODE,API_CONNECTED,Low,Low,PAGE SuperAdmin|Admin route /super-admin/training/courses (line 533)
SuperAdmin|Admin,/super-admin/training/exam-periods,PAGE,super-admin-training-exam-periods,N/A,None,../views/SuperAdmin/ExamPeriodsView.vue,Mở/Đóng giai đoạn thi,,,false,SuperAdmin|Admin,false,false,meta.title,true,route.meta.title,route.meta.title,,,examApi,/api/exam/student/list,Real API,STATIC_CODE,API_CONNECTED,Low,Low,PAGE SuperAdmin|Admin route /super-admin/training/exam-periods (line 539)
SuperAdmin|Admin,/super-admin/training/programs,PAGE,super-admin-training-programs,N/A,None,../views/SuperAdmin/ProgramsView.vue,Cấu trúc chương trình,,,false,SuperAdmin|Admin,false,false,meta.title,true,route.meta.title,route.meta.title,,,apiClient,/api/auth/login,Real API,STATIC_CODE,API_CONNECTED,Low,Low,PAGE SuperAdmin|Admin route /super-admin/training/programs (line 521)
SuperAdmin|Admin,/super-admin/training/semesters,PAGE,super-admin-training-semesters,N/A,None,../views/SuperAdmin/SemestersView.vue,Cấu hình học kỳ,,,false,SuperAdmin|Admin,false,false,meta.title,true,route.meta.title,route.meta.title,,,academicTermApi,/api/master-data/academic-terms,Real API,STATIC_CODE,API_CONNECTED,Low,Low,PAGE SuperAdmin|Admin route /super-admin/training/semesters (line 515)
SuperAdmin|Admin,/super-admin/training/subjects,PAGE,super-admin-training-subjects,N/A,None,../views/SuperAdmin/SubjectsView.vue,Quản lý môn học,,,false,SuperAdmin|Admin,false,false,meta.title,true,route.meta.title,route.meta.title,,,subjectApi,/api/master-data/subjects,Real API,STATIC_CODE,API_CONNECTED,Low,Low,PAGE SuperAdmin|Admin route /super-admin/training/subjects (line 527)
SuperAdmin|Admin,/super-admin/users,PAGE,super-admin-users,N/A,None,../views/SuperAdmin/UsersView.vue,Danh sách người dùng,,,false,SuperAdmin|Admin,false,false,meta.title,true,route.meta.title,route.meta.title,,,adminUserService,/api/admin/users,Real API,STATIC_CODE,API_CONNECTED,Low,Low,PAGE SuperAdmin|Admin route /super-admin/users (line 495)
Teacher,/teacher,LAYOUT,UNNAMED,N/A,None,../components/GiangVien/Layout_GiangVien.vue,,,,true,Teacher,false,false,None,false,None,None,,,,,Static UI,STATIC_CODE,STATIC_FUNCTIONAL,Low,Low,LAYOUT Teacher route /teacher (line 310)
Teacher,/teacher/assignments,PAGE,teacher-assignments,N/A,None,../views/GiangVien/AssignmentsListView.vue,Phân công giảng viên,,,false,Teacher,false,false,meta.title,true,route.meta.title,route.meta.title,,,teacherApi,/api/teacher/dashboard,Real API,STATIC_CODE,API_CONNECTED,Low,Low,PAGE Teacher route /teacher/assignments (line 337)
Teacher,/teacher/attendance,PAGE,teacher-attendance-today,N/A,None,../views/GiangVien/AttendanceTodayView.vue,,,,false,Teacher,false,false,None,false,None,None,,,teacherApi,/api/teacher/dashboard,Real API,STATIC_CODE,API_CONNECTED,Low,Low,PAGE Teacher route /teacher/attendance (line 343)
Teacher,/teacher/attendance-history,PAGE,teacher-attendance-history,N/A,None,../views/GiangVien/AttendanceHistoryView.vue,,,,false,Teacher,false,false,None,false,None,None,,,teacherApi,/api/teacher/dashboard,Real API,STATIC_CODE,API_CONNECTED,Low,Low,PAGE Teacher route /teacher/attendance-history (line 344)
Teacher,/teacher/change-password,PAGE,teacher-change-password,N/A,None,../views/GiangVien/ChangePasswordView.vue,,,,false,Teacher,false,false,None,false,None,None,,,,,Static UI,STATIC_CODE,UNVERIFIED,Low,Low,PAGE Teacher route /teacher/change-password (line 355)
Teacher,/teacher/class-attendance,PAGE,teacher-class-attendance,N/A,None,../views/GiangVien/ClassAttendanceView.vue,,,,false,Teacher,false,false,None,false,None,None,,,teacherApi,/api/teacher/dashboard,Real API,STATIC_CODE,API_CONNECTED,Low,Low,PAGE Teacher route /teacher/class-attendance (line 335)
Teacher,/teacher/class-grades,PAGE,teacher-class-grades,N/A,None,../views/GiangVien/ClassGradebookView.vue,,,,false,Teacher,false,false,None,false,None,None,,,teacherApi,/api/teacher/dashboard,Real API,STATIC_CODE,API_CONNECTED,Low,Low,PAGE Teacher route /teacher/class-grades (line 336)
Teacher,/teacher/class-progress,PAGE,teacher-class-progress,N/A,None,../views/GiangVien/ClassProgressView.vue,,,,false,Teacher,false,false,None,false,None,None,,,teacherApi,/api/teacher/dashboard,Real API,STATIC_CODE,API_CONNECTED,Low,Low,PAGE Teacher route /teacher/class-progress (line 334)
Teacher,/teacher/classes,PAGE,teacher-classes,N/A,None,../views/GiangVien/ClassListView.vue,,,,false,Teacher,false,false,None,false,None,None,,,teacherApi,/api/teacher/dashboard,Real API,STATIC_CODE,API_CONNECTED,Low,Low,PAGE Teacher route /teacher/classes (line 331)
Teacher,/teacher/classes/:id/details,PAGE,teacher-class-details,N/A,None,../views/GiangVien/ClassDetailView.vue,,,,false,Teacher,false,false,None,false,None,None,,,teacherApi,/api/teacher/dashboard,Real API,STATIC_CODE,API_CONNECTED,Low,Low,PAGE Teacher route /teacher/classes/:id/details (line 332)
Teacher,/teacher/classes/:id/workspace,PAGE,teacher-class-workspace,N/A,None,../views/GiangVien/ClassWorkspaceView.vue,,,,false,Teacher,false,false,None,false,None,None,,,teacherApi,/api/teacher/dashboard,Real API,STATIC_CODE,API_CONNECTED,Low,Low,PAGE Teacher route /teacher/classes/:id/workspace (line 333)
Teacher,/teacher/courses,PAGE,teacher-courses,N/A,None,../views/GiangVien/CoursesView.vue,,,,false,Teacher,false,false,None,false,None,None,,,teacherApi,/api/teacher/dashboard,Real API,STATIC_CODE,API_CONNECTED,Low,Low,PAGE Teacher route /teacher/courses (line 329)
Teacher,/teacher/dashboard,PAGE,teacher-dashboard,N/A,None,../views/GiangVien/Dashboard.vue,Tổng quan giảng dạy,,,false,Teacher,false,false,meta.title,true,route.meta.title,route.meta.title,,,teacherApi,/api/teacher/dashboard,Real API,STATIC_CODE,API_CONNECTED,Low,Low,PAGE Teacher route /teacher/dashboard (line 316)
Teacher,/teacher/exam-results,PAGE,teacher-exam-results,N/A,None,../views/GiangVien/ExamResultsView.vue,,,,false,Teacher,false,false,None,false,None,None,,,teacherApi,/api/teacher/dashboard,Real API,STATIC_CODE,API_CONNECTED,Low,Low,PAGE Teacher route /teacher/exam-results (line 341)
Teacher,/teacher/exams,PAGE,teacher-exams,N/A,None,../views/GiangVien/ExamsView.vue,,,,false,Teacher,false,false,None,false,None,None,,,teacherApi,/api/teacher/dashboard,Real API,STATIC_CODE,API_CONNECTED,Low,Low,PAGE Teacher route /teacher/exams (line 338)
Teacher,/teacher/exams/create,PAGE,teacher-exams-create,N/A,None,../views/GiangVien/CreateExamView.vue,,,,false,Teacher,false,false,None,false,None,None,,,teacherApi,/api/teacher/dashboard,Real API,STATIC_CODE,API_CONNECTED,Low,Low,PAGE Teacher route /teacher/exams/create (line 339)
Teacher,/teacher/grading,PAGE,teacher-grading,N/A,None,../views/GiangVien/GradingView.vue,,,,false,Teacher,false,false,None,false,None,None,,,teacherApi,/api/teacher/dashboard,Real API,STATIC_CODE,API_CONNECTED,Low,Low,PAGE Teacher route /teacher/grading (line 340)
Teacher,/teacher/grading-input,PAGE,teacher-grading-input,N/A,None,../views/GiangVien/ClassGradesView.vue,,,,false,Teacher,false,false,None,false,None,None,,,teacherApi,/api/teacher/dashboard,Real API,STATIC_CODE,API_CONNECTED,Low,Low,PAGE Teacher route /teacher/grading-input (line 345)
Teacher,/teacher/lesson-comments,PAGE,teacher-lesson-comments,N/A,None,../views/GiangVien/LessonCommentsView.vue,,,,false,Teacher,false,false,None,false,None,None,,,teacherApi,/api/teacher/dashboard,Real API,STATIC_CODE,API_CONNECTED,Low,Low,PAGE Teacher route /teacher/lesson-comments (line 347)
Teacher,/teacher/lessons,PAGE,teacher-lessons,N/A,None,../views/GiangVien/LessonsView.vue,,,,false,Teacher,false,false,None,false,None,None,,,teacherApi,/api/teacher/dashboard,Real API,STATIC_CODE,API_CONNECTED,Low,Low,PAGE Teacher route /teacher/lessons (line 330)
Teacher,/teacher/notifications,PAGE,teacher-notifications,N/A,None,../views/Student/NotificationsView.vue,Thông báo,Trung tâm thông báo,Cá nhân,false,Teacher,false,false,menuGroups.js,true,route.meta.title,route.meta.title,,,,,Static UI,STATIC_CODE,WRONG_CONTEXT,Low,Low,PAGE Teacher route /teacher/notifications (line 353)
Teacher,/teacher/proctoring,PAGE,teacher-proctoring,N/A,None,../views/GiangVien/ProctoringView.vue,,,,false,Teacher,false,false,None,false,None,None,,,teacherApi,/api/teacher/dashboard,Real API,STATIC_CODE,API_CONNECTED,Low,Low,PAGE Teacher route /teacher/proctoring (line 342)
Teacher,/teacher/profile,PAGE,teacher-profile,N/A,None,../views/GiangVien/ProfileView.vue,,,,false,Teacher,false,false,None,false,None,None,,,,,Static UI,STATIC_CODE,UNVERIFIED,Low,Low,PAGE Teacher route /teacher/profile (line 350)
Teacher,/teacher/requests,PAGE,teacher-requests,N/A,None,../views/GiangVien/PendingRequestsView.vue,Đơn cần xử lý,,,false,Teacher,false,false,meta.title,true,route.meta.title,route.meta.title,,,teacherApi,/api/teacher/dashboard,Real API,STATIC_CODE,API_CONNECTED,Low,Low,PAGE Teacher route /teacher/requests (line 348)
Teacher,/teacher/requests-history,PAGE,teacher-requests-history,N/A,None,../views/GiangVien/RequestsHistoryView.vue,Đơn đã xử lý,,,false,Teacher,false,false,meta.title,true,route.meta.title,route.meta.title,,,teacherApi,/api/teacher/dashboard,Real API,STATIC_CODE,API_CONNECTED,Low,Low,PAGE Teacher route /teacher/requests-history (line 349)
Teacher,/teacher/schedule,PAGE,teacher-schedule,N/A,None,../views/GiangVien/TeachingScheduleView.vue,Lịch giảng dạy,,,false,Teacher,false,false,meta.title,true,route.meta.title,route.meta.title,,,teacherApi,/api/teacher/dashboard,Real API,STATIC_CODE,API_CONNECTED,Low,Low,PAGE Teacher route /teacher/schedule (line 322)
Teacher,/teacher/student-questions,PAGE,teacher-student-questions,N/A,None,../views/GiangVien/StudentQuestionsView.vue,,,,false,Teacher,false,false,None,false,None,None,,,teacherApi,/api/teacher/dashboard,Real API,STATIC_CODE,API_CONNECTED,Low,Low,PAGE Teacher route /teacher/student-questions (line 346)
Teacher,/teacher/teaching-preferences,PAGE,teacher-teaching-preferences,N/A,None,../views/GiangVien/TeachingPreferencesView.vue,Đăng ký nguyện vọng giảng dạy,,,false,Teacher,false,false,meta.title,true,route.meta.title,route.meta.title,,,teacherApi,/api/teacher/dashboard,Real API,STATIC_CODE,API_CONNECTED,Low,Low,PAGE Teacher route /teacher/teaching-preferences (line 351)