ID,CurrentPath,FileName,Extension,Domain,Purpose,Owner,SourceOfTruth,GeneratedOrManual,Status,ProposedPath,Risk
DOC-001,CURSOR.md,CURSOR.md,.md,General,Documentation,Project Lead,Yes,Manual,REVIEW_REQUIRED,CURSOR.md,Low
DOC-002,design-md/airbnb/README.md,README.md,.md,UX,Documentation,Project Lead,Yes,Manual,REVIEW_REQUIRED,design-md/airbnb/README.md,Low
DOC-003,design-md/airtable/README.md,README.md,.md,UX,Documentation,Project Lead,Yes,Manual,REVIEW_REQUIRED,design-md/airtable/README.md,Low
DOC-004,design-md/apple/README.md,README.md,.md,UX,Documentation,Project Lead,Yes,Manual,REVIEW_REQUIRED,design-md/apple/README.md,Low
DOC-005,design-md/bmw/README.md,README.md,.md,UX,Documentation,Project Lead,Yes,Manual,REVIEW_REQUIRED,design-md/bmw/README.md,Low
DOC-006,design-md/cal/README.md,README.md,.md,UX,Documentation,Project Lead,Yes,Manual,REVIEW_REQUIRED,design-md/cal/README.md,Low
DOC-007,design-md/claude/README.md,README.md,.md,UX,Documentation,Project Lead,Yes,Manual,REVIEW_REQUIRED,design-md/claude/README.md,Low
DOC-008,design-md/clay/README.md,README.md,.md,UX,Documentation,Project Lead,Yes,Manual,REVIEW_REQUIRED,design-md/clay/README.md,Low
DOC-009,design-md/clickhouse/README.md,README.md,.md,UX,Documentation,Project Lead,Yes,Manual,REVIEW_REQUIRED,design-md/clickhouse/README.md,Low
DOC-010,design-md/cohere/README.md,README.md,.md,UX,Documentation,Project Lead,Yes,Manual,REVIEW_REQUIRED,design-md/cohere/README.md,Low
DOC-011,design-md/coinbase/README.md,README.md,.md,UX,Documentation,Project Lead,Yes,Manual,REVIEW_REQUIRED,design-md/coinbase/README.md,Low
DOC-012,design-md/composio/README.md,README.md,.md,UX,Documentation,Project Lead,Yes,Manual,REVIEW_REQUIRED,design-md/composio/README.md,Low
DOC-013,design-md/cursor/README.md,README.md,.md,UX,Documentation,Project Lead,Yes,Manual,REVIEW_REQUIRED,design-md/cursor/README.md,Low
DOC-014,design-md/elevenlabs/README.md,README.md,.md,UX,Documentation,Project Lead,Yes,Manual,REVIEW_REQUIRED,design-md/elevenlabs/README.md,Low
DOC-015,design-md/expo/README.md,README.md,.md,UX,Documentation,Project Lead,Yes,Manual,REVIEW_REQUIRED,design-md/expo/README.md,Low
DOC-016,design-md/ferrari/README.md,README.md,.md,UX,Documentation,Project Lead,Yes,Manual,REVIEW_REQUIRED,design-md/ferrari/README.md,Low
DOC-017,design-md/figma/README.md,README.md,.md,UX,Documentation,Project Lead,Yes,Manual,REVIEW_REQUIRED,design-md/figma/README.md,Low
DOC-018,design-md/framer/README.md,README.md,.md,UX,Documentation,Project Lead,Yes,Manual,REVIEW_REQUIRED,design-md/framer/README.md,Low
DOC-019,design-md/hashicorp/README.md,README.md,.md,UX,Documentation,Project Lead,Yes,Manual,REVIEW_REQUIRED,design-md/hashicorp/README.md,Low
DOC-020,design-md/ibm/README.md,README.md,.md,UX,Documentation,Project Lead,Yes,Manual,REVIEW_REQUIRED,design-md/ibm/README.md,Low
DOC-021,design-md/intercom/README.md,README.md,.md,UX,Documentation,Project Lead,Yes,Manual,REVIEW_REQUIRED,design-md/intercom/README.md,Low
DOC-022,design-md/kraken/README.md,README.md,.md,UX,Documentation,Project Lead,Yes,Manual,REVIEW_REQUIRED,design-md/kraken/README.md,Low
DOC-023,design-md/lamborghini/README.md,README.md,.md,UX,Documentation,Project Lead,Yes,Manual,REVIEW_REQUIRED,design-md/lamborghini/README.md,Low
DOC-024,design-md/linear.app/README.md,README.md,.md,UX,Documentation,Project Lead,Yes,Manual,REVIEW_REQUIRED,design-md/linear.app/README.md,Low
DOC-025,design-md/lovable/README.md,README.md,.md,UX,Documentation,Project Lead,Yes,Manual,REVIEW_REQUIRED,design-md/lovable/README.md,Low
DOC-026,design-md/minimax/README.md,README.md,.md,UX,Documentation,Project Lead,Yes,Manual,REVIEW_REQUIRED,design-md/minimax/README.md,Low
DOC-027,design-md/mintlify/README.md,README.md,.md,UX,Documentation,Project Lead,Yes,Manual,REVIEW_REQUIRED,design-md/mintlify/README.md,Low
DOC-028,design-md/miro/README.md,README.md,.md,UX,Documentation,Project Lead,Yes,Manual,REVIEW_REQUIRED,design-md/miro/README.md,Low
DOC-029,design-md/mistral.ai/README.md,README.md,.md,UX,Documentation,Project Lead,Yes,Manual,REVIEW_REQUIRED,design-md/mistral.ai/README.md,Low
DOC-030,design-md/mongodb/README.md,README.md,.md,UX,Documentation,Project Lead,Yes,Manual,REVIEW_REQUIRED,design-md/mongodb/README.md,Low
DOC-031,design-md/notion/README.md,README.md,.md,UX,Documentation,Project Lead,Yes,Manual,REVIEW_REQUIRED,design-md/notion/README.md,Low
DOC-032,design-md/nvidia/README.md,README.md,.md,UX,Documentation,Project Lead,Yes,Manual,REVIEW_REQUIRED,design-md/nvidia/README.md,Low
DOC-033,design-md/ollama/README.md,README.md,.md,UX,Documentation,Project Lead,Yes,Manual,REVIEW_REQUIRED,design-md/ollama/README.md,Low
DOC-034,design-md/opencode.ai/README.md,README.md,.md,UX,Documentation,Project Lead,Yes,Manual,REVIEW_REQUIRED,design-md/opencode.ai/README.md,Low
DOC-035,design-md/pinterest/README.md,README.md,.md,UX,Documentation,Project Lead,Yes,Manual,REVIEW_REQUIRED,design-md/pinterest/README.md,Low
DOC-036,design-md/posthog/README.md,README.md,.md,UX,Documentation,Project Lead,Yes,Manual,REVIEW_REQUIRED,design-md/posthog/README.md,Low
DOC-037,design-md/raycast/README.md,README.md,.md,UX,Documentation,Project Lead,Yes,Manual,REVIEW_REQUIRED,design-md/raycast/README.md,Low
DOC-038,design-md/renault/README.md,README.md,.md,UX,Documentation,Project Lead,Yes,Manual,REVIEW_REQUIRED,design-md/renault/README.md,Low
DOC-039,design-md/replicate/README.md,README.md,.md,UX,Documentation,Project Lead,Yes,Manual,REVIEW_REQUIRED,design-md/replicate/README.md,Low
DOC-040,design-md/resend/README.md,README.md,.md,UX,Documentation,Project Lead,Yes,Manual,REVIEW_REQUIRED,design-md/resend/README.md,Low
DOC-041,design-md/revolut/README.md,README.md,.md,UX,Documentation,Project Lead,Yes,Manual,REVIEW_REQUIRED,design-md/revolut/README.md,Low
DOC-042,design-md/runwayml/README.md,README.md,.md,UX,Documentation,Project Lead,Yes,Manual,REVIEW_REQUIRED,design-md/runwayml/README.md,Low
DOC-043,design-md/sanity/README.md,README.md,.md,UX,Documentation,Project Lead,Yes,Manual,REVIEW_REQUIRED,design-md/sanity/README.md,Low
DOC-044,design-md/semrush/README.md,README.md,.md,UX,Documentation,Project Lead,Yes,Manual,REVIEW_REQUIRED,design-md/semrush/README.md,Low
DOC-045,design-md/sentry/README.md,README.md,.md,UX,Documentation,Project Lead,Yes,Manual,REVIEW_REQUIRED,design-md/sentry/README.md,Low
DOC-046,design-md/spacex/README.md,README.md,.md,UX,Documentation,Project Lead,Yes,Manual,REVIEW_REQUIRED,design-md/spacex/README.md,Low
DOC-047,design-md/spotify/README.md,README.md,.md,UX,Documentation,Project Lead,Yes,Manual,REVIEW_REQUIRED,design-md/spotify/README.md,Low
DOC-048,design-md/stripe/README.md,README.md,.md,UX,Documentation,Project Lead,Yes,Manual,REVIEW_REQUIRED,design-md/stripe/README.md,Low
DOC-049,design-md/supabase/README.md,README.md,.md,UX,Documentation,Project Lead,Yes,Manual,REVIEW_REQUIRED,design-md/supabase/README.md,Low
DOC-050,design-md/superhuman/README.md,README.md,.md,UX,Documentation,Project Lead,Yes,Manual,REVIEW_REQUIRED,design-md/superhuman/README.md,Low
DOC-051,design-md/tesla/README.md,README.md,.md,UX,Documentation,Project Lead,Yes,Manual,REVIEW_REQUIRED,design-md/tesla/README.md,Low
DOC-052,design-md/together.ai/README.md,README.md,.md,UX,Documentation,Project Lead,Yes,Manual,REVIEW_REQUIRED,design-md/together.ai/README.md,Low
DOC-053,design-md/uber/README.md,README.md,.md,UX,Documentation,Project Lead,Yes,Manual,REVIEW_REQUIRED,design-md/uber/README.md,Low
DOC-054,design-md/vercel/README.md,README.md,.md,UX,Documentation,Project Lead,Yes,Manual,REVIEW_REQUIRED,design-md/vercel/README.md,Low
DOC-055,design-md/voltagent/README.md,README.md,.md,UX,Documentation,Project Lead,Yes,Manual,REVIEW_REQUIRED,design-md/voltagent/README.md,Low
DOC-056,design-md/warp/README.md,README.md,.md,UX,Documentation,Project Lead,Yes,Manual,REVIEW_REQUIRED,design-md/warp/README.md,Low
DOC-057,design-md/webflow/README.md,README.md,.md,UX,Documentation,Project Lead,Yes,Manual,REVIEW_REQUIRED,design-md/webflow/README.md,Low
DOC-058,design-md/wise/README.md,README.md,.md,UX,Documentation,Project Lead,Yes,Manual,REVIEW_REQUIRED,design-md/wise/README.md,Low
DOC-059,design-md/x.ai/README.md,README.md,.md,UX,Documentation,Project Lead,Yes,Manual,REVIEW_REQUIRED,design-md/x.ai/README.md,Low
DOC-060,design-md/zapier/README.md,README.md,.md,UX,Documentation,Project Lead,Yes,Manual,REVIEW_REQUIRED,design-md/zapier/README.md,Low
DOC-061,DESIGN.md,DESIGN.md,.md,General,Documentation,Project Lead,Yes,Manual,REVIEW_REQUIRED,DESIGN.md,Low
DOC-062,DESIGN_LIQUID_GLASS.md,DESIGN_LIQUID_GLASS.md,.md,UX,Documentation,Project Lead,Yes,Manual,REVIEW_REQUIRED,DESIGN_LIQUID_GLASS.md,Low
DOC-063,docs/00-project/README.md,README.md,.md,General,Documentation,Project Lead,Yes,Manual,REVIEW_REQUIRED,docs/00-project/README.md,Low
DOC-064,docs/10-frontend/README.md,README.md,.md,General,Documentation,Project Lead,Yes,Manual,REVIEW_REQUIRED,docs/10-frontend/README.md,Low
DOC-065,docs/20-backend/README.md,README.md,.md,General,Documentation,Project Lead,Yes,Manual,REVIEW_REQUIRED,docs/20-backend/README.md,Low
DOC-066,docs/30-database/README.md,README.md,.md,Database,Documentation,Backend Team,Yes,Manual,REVIEW_REQUIRED,docs/30-database/README.md,Low
DOC-067,docs/30-database/schema/ADMIN_USERS_SCHEMA.sql,ADMIN_USERS_SCHEMA.sql,.sql,Database,Documentation,Backend Team,Yes,Manual,REVIEW_REQUIRED,docs/30-database/schema/ADMIN_USERS_SCHEMA.sql,Low
DOC-068,docs/40-product-ux/README.md,README.md,.md,General,Documentation,Project Lead,Yes,Manual,REVIEW_REQUIRED,docs/40-product-ux/README.md,Low
DOC-069,docs/50-integration/README.md,README.md,.md,General,Documentation,Project Lead,Yes,Manual,REVIEW_REQUIRED,docs/50-integration/README.md,Low
DOC-070,docs/60-testing/README.md,README.md,.md,General,Documentation,Project Lead,Yes,Manual,REVIEW_REQUIRED,docs/60-testing/README.md,Low
DOC-071,docs/70-phases/README.md,README.md,.md,General,Documentation,Project Lead,Yes,Manual,REVIEW_REQUIRED,docs/70-phases/README.md,Low
DOC-072,docs/80-operations/README.md,README.md,.md,General,Documentation,Project Lead,Yes,Manual,REVIEW_REQUIRED,docs/80-operations/README.md,Low
DOC-073,docs/90-archive/README.md,README.md,.md,General,Documentation,Project Lead,Yes,Manual,REVIEW_REQUIRED,docs/90-archive/README.md,Low
DOC-075,docs/API_CONTRACT.md,API_CONTRACT.md,.md,General,Documentation,Project Lead,Yes,Manual,REVIEW_REQUIRED,docs/API_CONTRACT.md,Low
DOC-076,docs/API_ROLE_CONNECTION_AUDIT.md,API_ROLE_CONNECTION_AUDIT.md,.md,General,Documentation,Project Lead,Yes,Manual,REVIEW_REQUIRED,docs/API_ROLE_CONNECTION_AUDIT.md,Low
DOC-077,docs/API_ROLE_FE_INTEGRATION_PLAN.md,API_ROLE_FE_INTEGRATION_PLAN.md,.md,General,Documentation,Project Lead,Yes,Manual,REVIEW_REQUIRED,docs/API_ROLE_FE_INTEGRATION_PLAN.md,Low
DOC-078,docs/artifacts/fe-deep-audit/all-vue-files.txt,all-vue-files.txt,.txt,Archive,Documentation,Project Lead,Yes,Manual,REVIEW_REQUIRED,docs/artifacts/fe-deep-audit/all-vue-files.txt,Low
DOC-079,docs/artifacts/fe-deep-audit/ast-debug.mjs,ast-debug.mjs,.mjs,Archive,Documentation,Project Lead,Yes,Manual,REVIEW_REQUIRED,docs/artifacts/fe-deep-audit/ast-debug.mjs,Low
DOC-080,docs/artifacts/fe-deep-audit/ast-test.mjs,ast-test.mjs,.mjs,Archive,Documentation,Project Lead,Yes,Manual,REVIEW_REQUIRED,docs/artifacts/fe-deep-audit/ast-test.mjs,Low
DOC-081,docs/artifacts/fe-deep-audit/component-inventory.csv,component-inventory.csv,.csv,Archive,Documentation,Project Lead,No,Generated,REVIEW_REQUIRED,docs/artifacts/fe-deep-audit/component-inventory.csv,Low
DOC-082,docs/artifacts/fe-deep-audit/documentation-drift.md,documentation-drift.md,.md,Archive,Documentation,Project Lead,Yes,Manual,REVIEW_REQUIRED,docs/artifacts/fe-deep-audit/documentation-drift.md,Low
DOC-083,docs/artifacts/fe-deep-audit/duplicates.md,duplicates.md,.md,Archive,Documentation,Project Lead,Yes,Manual,REVIEW_REQUIRED,docs/artifacts/fe-deep-audit/duplicates.md,Low
DOC-084,docs/artifacts/fe-deep-audit/frontend-architecture.mmd,frontend-architecture.mmd,.mmd,Archive,Documentation,Project Lead,Yes,Manual,REVIEW_REQUIRED,docs/artifacts/fe-deep-audit/frontend-architecture.mmd,Low
DOC-085,docs/artifacts/fe-deep-audit/generate-component-csv.mjs,generate-component-csv.mjs,.mjs,Archive,Documentation,Project Lead,Yes,Manual,REVIEW_REQUIRED,docs/artifacts/fe-deep-audit/generate-component-csv.mjs,Low
DOC-086,docs/artifacts/fe-deep-audit/generate-route-csv.mjs,generate-route-csv.mjs,.mjs,Archive,Documentation,Project Lead,Yes,Manual,REVIEW_REQUIRED,docs/artifacts/fe-deep-audit/generate-route-csv.mjs,Low
DOC-087,docs/artifacts/fe-deep-audit/route-inventory.csv,route-inventory.csv,.csv,Archive,Documentation,Project Lead,No,Generated,REVIEW_REQUIRED,docs/artifacts/fe-deep-audit/route-inventory.csv,Low
DOC-088,docs/artifacts/fe-deep-audit/route-matrix.md,route-matrix.md,.md,Archive,Documentation,Project Lead,Yes,Manual,REVIEW_REQUIRED,docs/artifacts/fe-deep-audit/route-matrix.md,Low
DOC-089,docs/artifacts/fe-deep-audit/ui-violations.csv,ui-violations.csv,.csv,Archive,Documentation,Project Lead,No,Generated,REVIEW_REQUIRED,docs/artifacts/fe-deep-audit/ui-violations.csv,Low
DOC-090,docs/artifacts/fe-deep-audit/update-route-matrix.mjs,update-route-matrix.mjs,.mjs,Archive,Documentation,Project Lead,Yes,Manual,REVIEW_REQUIRED,docs/artifacts/fe-deep-audit/update-route-matrix.mjs,Low
DOC-091,docs/artifacts/fe-deep-audit/validate-audit.mjs,validate-audit.mjs,.mjs,Archive,Documentation,Project Lead,Yes,Manual,REVIEW_REQUIRED,docs/artifacts/fe-deep-audit/validate-audit.mjs,Low
DOC-092,docs/artifacts/fe-deep-audit/validation-results.md,validation-results.md,.md,Archive,Documentation,Project Lead,Yes,Manual,REVIEW_REQUIRED,docs/artifacts/fe-deep-audit/validation-results.md,Low
DOC-093,docs/artifacts/p15f-smoke/bgh-dashboard-v2.png,bgh-dashboard-v2.png,.png,UX,Documentation,Project Lead,No,Generated,REVIEW_REQUIRED,docs/artifacts/p15f-smoke/bgh-dashboard-v2.png,Low
DOC-094,docs/artifacts/p15f-smoke/contentcouncil-dashboard-v2.png,contentcouncil-dashboard-v2.png,.png,UX,Documentation,Project Lead,No,Generated,REVIEW_REQUIRED,docs/artifacts/p15f-smoke/contentcouncil-dashboard-v2.png,Low
DOC-095,docs/artifacts/p15f-smoke/contentcouncil-dashboard.png,contentcouncil-dashboard.png,.png,UX,Documentation,Project Lead,No,Generated,REVIEW_REQUIRED,docs/artifacts/p15f-smoke/contentcouncil-dashboard.png,Low
DOC-096,docs/artifacts/p15f-smoke/lint-p15f3.txt,lint-p15f3.txt,.txt,Archive,Documentation,Project Lead,Yes,Manual,REVIEW_REQUIRED,docs/artifacts/p15f-smoke/lint-p15f3.txt,Low
DOC-097,docs/artifacts/p15f-smoke/p15f3-route-smoke.mjs,p15f3-route-smoke.mjs,.mjs,Archive,Documentation,Project Lead,Yes,Manual,REVIEW_REQUIRED,docs/artifacts/p15f-smoke/p15f3-route-smoke.mjs,Low
DOC-098,docs/artifacts/p15f-smoke/parent-children-final.png,parent-children-final.png,.png,UX,Documentation,Project Lead,No,Generated,REVIEW_REQUIRED,docs/artifacts/p15f-smoke/parent-children-final.png,Low
DOC-099,docs/artifacts/p15f-smoke/parent-dashboard-final.png,parent-dashboard-final.png,.png,UX,Documentation,Project Lead,No,Generated,REVIEW_REQUIRED,docs/artifacts/p15f-smoke/parent-dashboard-final.png,Low
DOC-100,docs/artifacts/p15f-smoke/parent-tuition-final.png,parent-tuition-final.png,.png,UX,Documentation,Project Lead,No,Generated,REVIEW_REQUIRED,docs/artifacts/p15f-smoke/parent-tuition-final.png,Low
DOC-101,docs/artifacts/p15f-smoke/smoke-results-final.json,smoke-results-final.json,.json,Archive,Documentation,Project Lead,No,Generated,REVIEW_REQUIRED,docs/artifacts/p15f-smoke/smoke-results-final.json,Low
DOC-102,docs/artifacts/p15f-smoke/smoke-results-p15f3.json,smoke-results-p15f3.json,.json,Archive,Documentation,Project Lead,No,Generated,REVIEW_REQUIRED,docs/artifacts/p15f-smoke/smoke-results-p15f3.json,Low
DOC-103,docs/artifacts/p15f-smoke/smoke-results-v2.json,smoke-results-v2.json,.json,Archive,Documentation,Project Lead,No,Generated,REVIEW_REQUIRED,docs/artifacts/p15f-smoke/smoke-results-v2.json,Low
DOC-104,docs/artifacts/p15f-smoke/smoke-results.json,smoke-results.json,.json,Archive,Documentation,Project Lead,No,Generated,REVIEW_REQUIRED,docs/artifacts/p15f-smoke/smoke-results.json,Low
DOC-105,docs/artifacts/p15f-smoke/staff-dashboard-v2.png,staff-dashboard-v2.png,.png,UX,Documentation,Project Lead,No,Generated,REVIEW_REQUIRED,docs/artifacts/p15f-smoke/staff-dashboard-v2.png,Low
DOC-106,docs/artifacts/p15f-smoke/student-dashboard-regression-final.png,student-dashboard-regression-final.png,.png,UX,Documentation,Project Lead,No,Generated,REVIEW_REQUIRED,docs/artifacts/p15f-smoke/student-dashboard-regression-final.png,Low
DOC-107,docs/artifacts/p15f-smoke/student-dashboard-v2.png,student-dashboard-v2.png,.png,UX,Documentation,Project Lead,No,Generated,REVIEW_REQUIRED,docs/artifacts/p15f-smoke/student-dashboard-v2.png,Low
DOC-108,docs/artifacts/p15f-smoke/superadmin-dashboard-regression-final.png,superadmin-dashboard-regression-final.png,.png,UX,Documentation,Project Lead,No,Generated,REVIEW_REQUIRED,docs/artifacts/p15f-smoke/superadmin-dashboard-regression-final.png,Low
DOC-109,docs/artifacts/p15f-smoke/superadmin-dashboard-v2.png,superadmin-dashboard-v2.png,.png,UX,Documentation,Project Lead,No,Generated,REVIEW_REQUIRED,docs/artifacts/p15f-smoke/superadmin-dashboard-v2.png,Low
DOC-110,docs/artifacts/p15f-smoke/superadmin-dashboard.png,superadmin-dashboard.png,.png,UX,Documentation,Project Lead,No,Generated,REVIEW_REQUIRED,docs/artifacts/p15f-smoke/superadmin-dashboard.png,Low
DOC-111,docs/artifacts/p15f-smoke/teacher-dashboard-v2.png,teacher-dashboard-v2.png,.png,UX,Documentation,Project Lead,No,Generated,REVIEW_REQUIRED,docs/artifacts/p15f-smoke/teacher-dashboard-v2.png,Low
DOC-112,docs/artifacts/p15g-full-smoke/BGH_bgh_academic-programs.png,BGH_bgh_academic-programs.png,.png,UX,Documentation,Project Lead,No,Generated,REVIEW_REQUIRED,docs/artifacts/p15g-full-smoke/BGH_bgh_academic-programs.png,Low
DOC-113,docs/artifacts/p15g-full-smoke/BGH_bgh_academic-terms.png,BGH_bgh_academic-terms.png,.png,UX,Documentation,Project Lead,No,Generated,REVIEW_REQUIRED,docs/artifacts/p15g-full-smoke/BGH_bgh_academic-terms.png,Low
DOC-114,docs/artifacts/p15g-full-smoke/BGH_bgh_audit-logs.png,BGH_bgh_audit-logs.png,.png,UX,Documentation,Project Lead,No,Generated,REVIEW_REQUIRED,docs/artifacts/p15g-full-smoke/BGH_bgh_audit-logs.png,Low
DOC-115,docs/artifacts/p15g-full-smoke/BGH_bgh_curriculum.png,BGH_bgh_curriculum.png,.png,UX,Documentation,Project Lead,No,Generated,REVIEW_REQUIRED,docs/artifacts/p15g-full-smoke/BGH_bgh_curriculum.png,Low
DOC-116,docs/artifacts/p15g-full-smoke/BGH_bgh_dashboard.png,BGH_bgh_dashboard.png,.png,UX,Documentation,Project Lead,No,Generated,REVIEW_REQUIRED,docs/artifacts/p15g-full-smoke/BGH_bgh_dashboard.png,Low
DOC-117,docs/artifacts/p15g-full-smoke/BGH_bgh_evaluations.png,BGH_bgh_evaluations.png,.png,UX,Documentation,Project Lead,No,Generated,REVIEW_REQUIRED,docs/artifacts/p15g-full-smoke/BGH_bgh_evaluations.png,Low
DOC-118,docs/artifacts/p15g-full-smoke/BGH_bgh_evaluations_ai-analysis.png,BGH_bgh_evaluations_ai-analysis.png,.png,UX,Documentation,Project Lead,No,Generated,REVIEW_REQUIRED,docs/artifacts/p15g-full-smoke/BGH_bgh_evaluations_ai-analysis.png,Low
DOC-119,docs/artifacts/p15g-full-smoke/BGH_bgh_evaluations_detail_1.png,BGH_bgh_evaluations_detail_1.png,.png,UX,Documentation,Project Lead,No,Generated,REVIEW_REQUIRED,docs/artifacts/p15g-full-smoke/BGH_bgh_evaluations_detail_1.png,Low
DOC-120,docs/artifacts/p15g-full-smoke/BGH_bgh_evaluations_overview.png,BGH_bgh_evaluations_overview.png,.png,UX,Documentation,Project Lead,No,Generated,REVIEW_REQUIRED,docs/artifacts/p15g-full-smoke/BGH_bgh_evaluations_overview.png,Low
DOC-121,docs/artifacts/p15g-full-smoke/BGH_bgh_evaluations_ranking.png,BGH_bgh_evaluations_ranking.png,.png,UX,Documentation,Project Lead,No,Generated,REVIEW_REQUIRED,docs/artifacts/p15g-full-smoke/BGH_bgh_evaluations_ranking.png,Low
DOC-122,docs/artifacts/p15g-full-smoke/BGH_bgh_facilities.png,BGH_bgh_facilities.png,.png,UX,Documentation,Project Lead,No,Generated,REVIEW_REQUIRED,docs/artifacts/p15g-full-smoke/BGH_bgh_facilities.png,Low
DOC-123,docs/artifacts/p15g-full-smoke/BGH_bgh_roles.png,BGH_bgh_roles.png,.png,UX,Documentation,Project Lead,No,Generated,REVIEW_REQUIRED,docs/artifacts/p15g-full-smoke/BGH_bgh_roles.png,Low
DOC-124,docs/artifacts/p15g-full-smoke/BGH_bgh_schedule_pending.png,BGH_bgh_schedule_pending.png,.png,UX,Documentation,Project Lead,No,Generated,REVIEW_REQUIRED,docs/artifacts/p15g-full-smoke/BGH_bgh_schedule_pending.png,Low
DOC-125,docs/artifacts/p15g-full-smoke/BGH_bgh_schedule_published.png,BGH_bgh_schedule_published.png,.png,UX,Documentation,Project Lead,No,Generated,REVIEW_REQUIRED,docs/artifacts/p15g-full-smoke/BGH_bgh_schedule_published.png,Low
DOC-126,docs/artifacts/p15g-full-smoke/login_test.png,login_test.png,.png,UX,Documentation,Project Lead,No,Generated,REVIEW_REQUIRED,docs/artifacts/p15g-full-smoke/login_test.png,Low
DOC-127,docs/artifacts/p15g-full-smoke/mcp-setup-proof.json,mcp-setup-proof.json,.json,Archive,Documentation,Project Lead,Yes,Manual,REVIEW_REQUIRED,docs/artifacts/p15g-full-smoke/mcp-setup-proof.json,Low
DOC-128,docs/artifacts/p15g-full-smoke/p15g-browser-smoke.mjs,p15g-browser-smoke.mjs,.mjs,Archive,Documentation,Project Lead,Yes,Manual,REVIEW_REQUIRED,docs/artifacts/p15g-full-smoke/p15g-browser-smoke.mjs,Low
DOC-129,docs/artifacts/p15g-full-smoke/Parent_parent_dashboard.png,Parent_parent_dashboard.png,.png,UX,Documentation,Project Lead,No,Generated,REVIEW_REQUIRED,docs/artifacts/p15g-full-smoke/Parent_parent_dashboard.png,Low
DOC-130,docs/artifacts/p15g-full-smoke/Parent_phu-huynh_dashboard.png,Parent_phu-huynh_dashboard.png,.png,UX,Documentation,Project Lead,No,Generated,REVIEW_REQUIRED,docs/artifacts/p15g-full-smoke/Parent_phu-huynh_dashboard.png,Low
DOC-131,docs/artifacts/p15g-full-smoke/smoke-results-p15g.json,smoke-results-p15g.json,.json,Archive,Documentation,Project Lead,No,Generated,REVIEW_REQUIRED,docs/artifacts/p15g-full-smoke/smoke-results-p15g.json,Low
DOC-132,docs/artifacts/p15g-full-smoke/Staff_giao-vu_dashboard.png,Staff_giao-vu_dashboard.png,.png,UX,Documentation,Project Lead,No,Generated,REVIEW_REQUIRED,docs/artifacts/p15g-full-smoke/Staff_giao-vu_dashboard.png,Low
DOC-133,docs/artifacts/p15g-full-smoke/Staff_staff_accounts.png,Staff_staff_accounts.png,.png,UX,Documentation,Project Lead,No,Generated,REVIEW_REQUIRED,docs/artifacts/p15g-full-smoke/Staff_staff_accounts.png,Low
DOC-134,docs/artifacts/p15g-full-smoke/Staff_staff_classes.png,Staff_staff_classes.png,.png,UX,Documentation,Project Lead,No,Generated,REVIEW_REQUIRED,docs/artifacts/p15g-full-smoke/Staff_staff_classes.png,Low
DOC-135,docs/artifacts/p15g-full-smoke/Staff_staff_dashboard.png,Staff_staff_dashboard.png,.png,UX,Documentation,Project Lead,No,Generated,REVIEW_REQUIRED,docs/artifacts/p15g-full-smoke/Staff_staff_dashboard.png,Low
DOC-136,docs/artifacts/p15g-full-smoke/Staff_staff_schedule_published.png,Staff_staff_schedule_published.png,.png,UX,Documentation,Project Lead,No,Generated,REVIEW_REQUIRED,docs/artifacts/p15g-full-smoke/Staff_staff_schedule_published.png,Low
DOC-137,docs/artifacts/p15g-full-smoke/Student_student_assignments.png,Student_student_assignments.png,.png,UX,Documentation,Project Lead,No,Generated,REVIEW_REQUIRED,docs/artifacts/p15g-full-smoke/Student_student_assignments.png,Low
DOC-138,docs/artifacts/p15g-full-smoke/Student_student_assignments_1.png,Student_student_assignments_1.png,.png,UX,Documentation,Project Lead,No,Generated,REVIEW_REQUIRED,docs/artifacts/p15g-full-smoke/Student_student_assignments_1.png,Low
DOC-139,docs/artifacts/p15g-full-smoke/Student_student_courses_1.png,Student_student_courses_1.png,.png,UX,Documentation,Project Lead,No,Generated,REVIEW_REQUIRED,docs/artifacts/p15g-full-smoke/Student_student_courses_1.png,Low
DOC-140,docs/artifacts/p15g-full-smoke/Student_student_dashboard.png,Student_student_dashboard.png,.png,UX,Documentation,Project Lead,No,Generated,REVIEW_REQUIRED,docs/artifacts/p15g-full-smoke/Student_student_dashboard.png,Low
DOC-141,docs/artifacts/p15g-full-smoke/Student_student_schedule.png,Student_student_schedule.png,.png,UX,Documentation,Project Lead,No,Generated,REVIEW_REQUIRED,docs/artifacts/p15g-full-smoke/Student_student_schedule.png,Low
DOC-142,docs/artifacts/p15g-full-smoke/SuperAdmin_super-admin_dashboard.png,SuperAdmin_super-admin_dashboard.png,.png,UX,Documentation,Project Lead,No,Generated,REVIEW_REQUIRED,docs/artifacts/p15g-full-smoke/SuperAdmin_super-admin_dashboard.png,Low
DOC-143,docs/artifacts/p15g-full-smoke/Teacher_giang-vien_dashboard.png,Teacher_giang-vien_dashboard.png,.png,UX,Documentation,Project Lead,No,Generated,REVIEW_REQUIRED,docs/artifacts/p15g-full-smoke/Teacher_giang-vien_dashboard.png,Low
DOC-144,docs/artifacts/p15g-full-smoke/Teacher_teacher_attendance-history.png,Teacher_teacher_attendance-history.png,.png,UX,Documentation,Project Lead,No,Generated,REVIEW_REQUIRED,docs/artifacts/p15g-full-smoke/Teacher_teacher_attendance-history.png,Low
DOC-145,docs/artifacts/p15g-full-smoke/Teacher_teacher_classes_1_details.png,Teacher_teacher_classes_1_details.png,.png,UX,Documentation,Project Lead,No,Generated,REVIEW_REQUIRED,docs/artifacts/p15g-full-smoke/Teacher_teacher_classes_1_details.png,Low
DOC-146,docs/artifacts/p15g-full-smoke/Teacher_teacher_classes_1_workspace.png,Teacher_teacher_classes_1_workspace.png,.png,UX,Documentation,Project Lead,No,Generated,REVIEW_REQUIRED,docs/artifacts/p15g-full-smoke/Teacher_teacher_classes_1_workspace.png,Low
DOC-147,docs/artifacts/p15g-full-smoke/Teacher_teacher_dashboard.png,Teacher_teacher_dashboard.png,.png,UX,Documentation,Project Lead,No,Generated,REVIEW_REQUIRED,docs/artifacts/p15g-full-smoke/Teacher_teacher_dashboard.png,Low
DOC-148,docs/artifacts/p15g-full-smoke/Teacher_teacher_proctoring.png,Teacher_teacher_proctoring.png,.png,UX,Documentation,Project Lead,No,Generated,REVIEW_REQUIRED,docs/artifacts/p15g-full-smoke/Teacher_teacher_proctoring.png,Low
DOC-149,docs/artifacts/p16b1-high-risk/p16b1-high-risk-smoke.mjs,p16b1-high-risk-smoke.mjs,.mjs,Archive,Documentation,Project Lead,Yes,Manual,REVIEW_REQUIRED,docs/artifacts/p16b1-high-risk/p16b1-high-risk-smoke.mjs,Low
DOC-150,docs/artifacts/p16b1-high-risk/p16b1-results.json,p16b1-results.json,.json,Archive,Documentation,Project Lead,No,Generated,REVIEW_REQUIRED,docs/artifacts/p16b1-high-risk/p16b1-results.json,Low
DOC-151,docs/artifacts/p16b2-superadmin-mock-cleanup/p16b2-superadmin-results.json,p16b2-superadmin-results.json,.json,Archive,Documentation,Project Lead,No,Generated,REVIEW_REQUIRED,docs/artifacts/p16b2-superadmin-mock-cleanup/p16b2-superadmin-results.json,Low
DOC-152,docs/artifacts/p16b2-superadmin-mock-cleanup/p16b2-superadmin-smoke.mjs,p16b2-superadmin-smoke.mjs,.mjs,Archive,Documentation,Project Lead,Yes,Manual,REVIEW_REQUIRED,docs/artifacts/p16b2-superadmin-mock-cleanup/p16b2-superadmin-smoke.mjs,Low
DOC-153,docs/artifacts/p16b3-non-superadmin-mock-cleanup/p16b3-results.json,p16b3-results.json,.json,Archive,Documentation,Project Lead,No,Generated,REVIEW_REQUIRED,docs/artifacts/p16b3-non-superadmin-mock-cleanup/p16b3-results.json,Low
DOC-154,docs/artifacts/p16b3-non-superadmin-mock-cleanup/p16b3-smoke.mjs,p16b3-smoke.mjs,.mjs,Archive,Documentation,Project Lead,Yes,Manual,REVIEW_REQUIRED,docs/artifacts/p16b3-non-superadmin-mock-cleanup/p16b3-smoke.mjs,Low
DOC-155,docs/artifacts/p16b4a-fe-only-static/p16b4a-results.json,p16b4a-results.json,.json,Archive,Documentation,Project Lead,No,Generated,REVIEW_REQUIRED,docs/artifacts/p16b4a-fe-only-static/p16b4a-results.json,Low
DOC-156,docs/artifacts/p16b4a-fe-only-static/p16b4a-smoke.mjs,p16b4a-smoke.mjs,.mjs,Archive,Documentation,Project Lead,Yes,Manual,REVIEW_REQUIRED,docs/artifacts/p16b4a-fe-only-static/p16b4a-smoke.mjs,Low
DOC-157,docs/artifacts/p16b5-runtime-action-audit/p16b5-action-smoke.mjs,p16b5-action-smoke.mjs,.mjs,Archive,Documentation,Project Lead,Yes,Manual,REVIEW_REQUIRED,docs/artifacts/p16b5-runtime-action-audit/p16b5-action-smoke.mjs,Low
DOC-158,docs/artifacts/p16c-final-runtime-evidence/p16c-critical-action-smoke.mjs,p16c-critical-action-smoke.mjs,.mjs,Archive,Documentation,Project Lead,Yes,Manual,REVIEW_REQUIRED,docs/artifacts/p16c-final-runtime-evidence/p16c-critical-action-smoke.mjs,Low
DOC-159,docs/artifacts/p16c-final-runtime-evidence/p16c-results.json,p16c-results.json,.json,Archive,Documentation,Project Lead,No,Generated,REVIEW_REQUIRED,docs/artifacts/p16c-final-runtime-evidence/p16c-results.json,Low
DOC-160,docs/artifacts/p17-smart-feature-demo/p17-api-smoke-results.json,p17-api-smoke-results.json,.json,Archive,Documentation,Project Lead,No,Generated,REVIEW_REQUIRED,docs/artifacts/p17-smart-feature-demo/p17-api-smoke-results.json,Low
DOC-161,docs/artifacts/p17-smart-feature-demo/p17-api-smoke.mjs,p17-api-smoke.mjs,.mjs,Archive,Documentation,Project Lead,Yes,Manual,REVIEW_REQUIRED,docs/artifacts/p17-smart-feature-demo/p17-api-smoke.mjs,Low
DOC-162,docs/artifacts/p17-smart-feature-demo/p17-smart-demo-smoke.mjs,p17-smart-demo-smoke.mjs,.mjs,Archive,Documentation,Project Lead,Yes,Manual,REVIEW_REQUIRED,docs/artifacts/p17-smart-feature-demo/p17-smart-demo-smoke.mjs,Low
DOC-163,docs/artifacts/p18-defense-evidence/P18B_PRESENTATION_TALK_TRACK.md,P18B_PRESENTATION_TALK_TRACK.md,.md,Archive,Documentation,Project Lead,Yes,Manual,REVIEW_REQUIRED,docs/artifacts/p18-defense-evidence/P18B_PRESENTATION_TALK_TRACK.md,Low
DOC-164,docs/artifacts/p18-defense-evidence/README.md,README.md,.md,Archive,Documentation,Project Lead,Yes,Manual,REVIEW_REQUIRED,docs/artifacts/p18-defense-evidence/README.md,Low
DOC-165,docs/artifacts/p19-final-api-gate/p19-api-gate-results.json,p19-api-gate-results.json,.json,Archive,Documentation,Project Lead,No,Generated,REVIEW_REQUIRED,docs/artifacts/p19-final-api-gate/p19-api-gate-results.json,Low
DOC-166,docs/artifacts/p19-final-api-gate/p19-api-gate-smoke.mjs,p19-api-gate-smoke.mjs,.mjs,Archive,Documentation,Project Lead,Yes,Manual,REVIEW_REQUIRED,docs/artifacts/p19-final-api-gate/p19-api-gate-smoke.mjs,Low
DOC-167,docs/artifacts/p22-smart-schedule-runtime/p22-runtime-results.json,p22-runtime-results.json,.json,Archive,Documentation,Project Lead,No,Generated,REVIEW_REQUIRED,docs/artifacts/p22-smart-schedule-runtime/p22-runtime-results.json,Low
DOC-168,docs/artifacts/p22-smart-schedule-runtime/p22-runtime-smoke.mjs,p22-runtime-smoke.mjs,.mjs,Archive,Documentation,Project Lead,Yes,Manual,REVIEW_REQUIRED,docs/artifacts/p22-smart-schedule-runtime/p22-runtime-smoke.mjs,Low
DOC-169,docs/artifacts/README.md,README.md,.md,Archive,Documentation,Project Lead,Yes,Manual,REVIEW_REQUIRED,docs/artifacts/README.md,Low
DOC-170,docs/BACKEND_ARCHITECTURE.md,BACKEND_ARCHITECTURE.md,.md,General,Documentation,Project Lead,Yes,Manual,REVIEW_REQUIRED,docs/BACKEND_ARCHITECTURE.md,Low
DOC-171,docs/BACKEND_BUSINESS_AUDIT.md,BACKEND_BUSINESS_AUDIT.md,.md,General,Documentation,Project Lead,Yes,Manual,REVIEW_REQUIRED,docs/BACKEND_BUSINESS_AUDIT.md,Low
DOC-172,docs/BACKEND_DEEP_AUDIT_100_V2.md,BACKEND_DEEP_AUDIT_100_V2.md,.md,General,Documentation,Project Lead,Yes,Manual,REVIEW_REQUIRED,docs/BACKEND_DEEP_AUDIT_100_V2.md,Low
DOC-173,docs/BACKEND_FINAL_QA.md,BACKEND_FINAL_QA.md,.md,General,Documentation,Project Lead,Yes,Manual,REVIEW_REQUIRED,docs/BACKEND_FINAL_QA.md,Low
DOC-174,docs/DATABASE_DESIGN.md,DATABASE_DESIGN.md,.md,General,Documentation,Project Lead,Yes,Manual,REVIEW_REQUIRED,docs/DATABASE_DESIGN.md,Low
DOC-175,docs/DEFENSE_SMART_ALGORITHMS.md,DEFENSE_SMART_ALGORITHMS.md,.md,General,Documentation,Project Lead,Yes,Manual,REVIEW_REQUIRED,docs/DEFENSE_SMART_ALGORITHMS.md,Low
DOC-176,docs/DEMO_SCRIPT.md,DEMO_SCRIPT.md,.md,General,Documentation,Project Lead,Yes,Manual,REVIEW_REQUIRED,docs/DEMO_SCRIPT.md,Low
DOC-177,docs/DEMO_SCRIPT_P13.md,DEMO_SCRIPT_P13.md,.md,General,Documentation,Project Lead,Yes,Manual,REVIEW_REQUIRED,docs/DEMO_SCRIPT_P13.md,Low
DOC-178,docs/EXAM_PROCTORING_AUDIT.md,EXAM_PROCTORING_AUDIT.md,.md,General,Documentation,Project Lead,Yes,Manual,REVIEW_REQUIRED,docs/EXAM_PROCTORING_AUDIT.md,Low
DOC-179,docs/EXAM_SESSION_PROCTORING_FLOW_FIX.md,EXAM_SESSION_PROCTORING_FLOW_FIX.md,.md,General,Documentation,Project Lead,Yes,Manual,REVIEW_REQUIRED,docs/EXAM_SESSION_PROCTORING_FLOW_FIX.md,Low
DOC-180,docs/EXAM_WEBRTC_PROCTORING_FIX.md,EXAM_WEBRTC_PROCTORING_FIX.md,.md,General,Documentation,Project Lead,Yes,Manual,REVIEW_REQUIRED,docs/EXAM_WEBRTC_PROCTORING_FIX.md,Low
DOC-181,docs/FE_DEEP_AUDIT_MASTER.md,FE_DEEP_AUDIT_MASTER.md,.md,General,Documentation,Project Lead,Yes,Manual,REVIEW_REQUIRED,docs/FE_DEEP_AUDIT_MASTER.md,Low
DOC-182,docs/FE_UI_RESEARCH_NOTES.md,FE_UI_RESEARCH_NOTES.md,.md,UX,Documentation,Project Lead,Yes,Manual,REVIEW_REQUIRED,docs/FE_UI_RESEARCH_NOTES.md,Low
DOC-183,docs/FE_UI_REWORK_BLUEPRINT.md,FE_UI_REWORK_BLUEPRINT.md,.md,UX,Documentation,Project Lead,Yes,Manual,REVIEW_REQUIRED,docs/FE_UI_REWORK_BLUEPRINT.md,Low
DOC-184,docs/FE_UI_SYSTEM_AUDIT.md,FE_UI_SYSTEM_AUDIT.md,.md,UX,Documentation,Project Lead,Yes,Manual,REVIEW_REQUIRED,docs/FE_UI_SYSTEM_AUDIT.md,Low
DOC-185,docs/FRONTEND_ARCHITECTURE.md,FRONTEND_ARCHITECTURE.md,.md,General,Documentation,Project Lead,Yes,Manual,REVIEW_REQUIRED,docs/FRONTEND_ARCHITECTURE.md,Low
DOC-186,docs/FRONTEND_STYLE_ALIGNMENT.md,FRONTEND_STYLE_ALIGNMENT.md,.md,General,Documentation,Project Lead,Yes,Manual,REVIEW_REQUIRED,docs/FRONTEND_STYLE_ALIGNMENT.md,Low
DOC-187,docs/governance/DOCUMENT_INVENTORY.csv,DOCUMENT_INVENTORY.csv,.csv,General,Documentation,Project Lead,Yes,Manual,REVIEW_REQUIRED,docs/governance/DOCUMENT_INVENTORY.csv,Low
DOC-188,docs/governance/DOCUMENT_LIFECYCLE.md,DOCUMENT_LIFECYCLE.md,.md,General,Documentation,Project Lead,Yes,Manual,REVIEW_REQUIRED,docs/governance/DOCUMENT_LIFECYCLE.md,Low
DOC-189,docs/governance/DOCUMENT_MAP.md,DOCUMENT_MAP.md,.md,General,Documentation,Project Lead,Yes,Manual,REVIEW_REQUIRED,docs/governance/DOCUMENT_MAP.md,Low
DOC-190,docs/governance/DOCUMENT_MOVE_PLAN.csv,DOCUMENT_MOVE_PLAN.csv,.csv,General,Documentation,Project Lead,Yes,Manual,REVIEW_REQUIRED,docs/governance/DOCUMENT_MOVE_PLAN.csv,Low
DOC-191,docs/governance/DOCUMENT_NAMING_STANDARD.md,DOCUMENT_NAMING_STANDARD.md,.md,General,Documentation,Project Lead,Yes,Manual,REVIEW_REQUIRED,docs/governance/DOCUMENT_NAMING_STANDARD.md,Low
DOC-192,docs/governance/DOCUMENT_OWNERSHIP.md,DOCUMENT_OWNERSHIP.md,.md,General,Documentation,Project Lead,Yes,Manual,REVIEW_REQUIRED,docs/governance/DOCUMENT_OWNERSHIP.md,Low
DOC-193,docs/governance/README.md,README.md,.md,General,Documentation,Project Lead,Yes,Manual,REVIEW_REQUIRED,docs/governance/README.md,Low
DOC-194,docs/governance/REORGANIZATION_REPORT.md,REORGANIZATION_REPORT.md,.md,General,Documentation,Project Lead,Yes,Manual,REVIEW_REQUIRED,docs/governance/REORGANIZATION_REPORT.md,Low
DOC-195,docs/p0/FEATURE_UX_CONTRACT_TEMPLATE.md,FEATURE_UX_CONTRACT_TEMPLATE.md,.md,Governance,Documentation,Project Lead,Yes,Manual,REVIEW_REQUIRED,docs/p0/FEATURE_UX_CONTRACT_TEMPLATE.md,Low
DOC-196,docs/p0/P0_BACKEND_CAPABILITY_MATRIX.csv,P0_BACKEND_CAPABILITY_MATRIX.csv,.csv,Governance,Audit,Project Lead,No,Generated,REVIEW_REQUIRED,docs/p0/P0_BACKEND_CAPABILITY_MATRIX.csv,Low
DOC-197,docs/p0/P0_BACKEND_ENDPOINT_INVENTORY.csv,P0_BACKEND_ENDPOINT_INVENTORY.csv,.csv,Governance,Documentation,Project Lead,No,Generated,REVIEW_REQUIRED,docs/p0/P0_BACKEND_ENDPOINT_INVENTORY.csv,Low
DOC-198,docs/p0/P0_MISSING_BACKEND_BACKLOG.md,P0_MISSING_BACKEND_BACKLOG.md,.md,Governance,Documentation,Project Lead,Yes,Manual,REVIEW_REQUIRED,docs/p0/P0_MISSING_BACKEND_BACKLOG.md,Low
DOC-199,docs/p0/P0_TEAM_OWNERSHIP.md,P0_TEAM_OWNERSHIP.md,.md,Governance,Documentation,Project Lead,Yes,Manual,REVIEW_REQUIRED,docs/p0/P0_TEAM_OWNERSHIP.md,Low
DOC-200,docs/p0/roles/ACADEMIC_STAFF_HANDOFF.md,ACADEMIC_STAFF_HANDOFF.md,.md,Governance,Role Handoff,Project Lead,Yes,Manual,REVIEW_REQUIRED,docs/p0/roles/ACADEMIC_STAFF_HANDOFF.md,Low
DOC-201,docs/p0/roles/CONTENT_COUNCIL_HANDOFF.md,CONTENT_COUNCIL_HANDOFF.md,.md,Governance,Role Handoff,Project Lead,Yes,Manual,REVIEW_REQUIRED,docs/p0/roles/CONTENT_COUNCIL_HANDOFF.md,Low
DOC-202,docs/p0/roles/PARENT_HANDOFF.md,PARENT_HANDOFF.md,.md,Governance,Role Handoff,Project Lead,Yes,Manual,REVIEW_REQUIRED,docs/p0/roles/PARENT_HANDOFF.md,Low
DOC-203,docs/p0/roles/PRINCIPAL_HANDOFF.md,PRINCIPAL_HANDOFF.md,.md,Governance,Role Handoff,Project Lead,Yes,Manual,REVIEW_REQUIRED,docs/p0/roles/PRINCIPAL_HANDOFF.md,Low
DOC-204,docs/p0/roles/STUDENT_HANDOFF.md,STUDENT_HANDOFF.md,.md,Governance,Role Handoff,Project Lead,Yes,Manual,REVIEW_REQUIRED,docs/p0/roles/STUDENT_HANDOFF.md,Low
DOC-205,docs/p0/roles/SUPER_ADMIN_HANDOFF.md,SUPER_ADMIN_HANDOFF.md,.md,Governance,Role Handoff,Project Lead,Yes,Manual,REVIEW_REQUIRED,docs/p0/roles/SUPER_ADMIN_HANDOFF.md,Low
DOC-206,docs/p0/roles/TEACHER_HANDOFF.md,TEACHER_HANDOFF.md,.md,Governance,Role Handoff,Project Lead,Yes,Manual,REVIEW_REQUIRED,docs/p0/roles/TEACHER_HANDOFF.md,Low
DOC-207,docs/p0/validate-p0.mjs,validate-p0.mjs,.mjs,Governance,Documentation,Project Lead,Yes,Manual,REVIEW_REQUIRED,docs/p0/validate-p0.mjs,Low
DOC-208,docs/P12_3_SMART_TIMETABLE_STRESS_SMOKE_REPORT.md,P12_3_SMART_TIMETABLE_STRESS_SMOKE_REPORT.md,.md,General,Documentation,Project Lead,Yes,Manual,REVIEW_REQUIRED,docs/P12_3_SMART_TIMETABLE_STRESS_SMOKE_REPORT.md,Low
DOC-209,docs/P12_SMART_TIMETABLE_LOGIC_AUDIT.md,P12_SMART_TIMETABLE_LOGIC_AUDIT.md,.md,General,Documentation,Project Lead,Yes,Manual,REVIEW_REQUIRED,docs/P12_SMART_TIMETABLE_LOGIC_AUDIT.md,Low
DOC-210,docs/P13_DEMO_READINESS_CHECKLIST.md,P13_DEMO_READINESS_CHECKLIST.md,.md,General,Documentation,Project Lead,Yes,Manual,REVIEW_REQUIRED,docs/P13_DEMO_READINESS_CHECKLIST.md,Low
DOC-211,docs/P13_FINAL_POLISH_REPORT.md,P13_FINAL_POLISH_REPORT.md,.md,General,Documentation,Project Lead,Yes,Manual,REVIEW_REQUIRED,docs/P13_FINAL_POLISH_REPORT.md,Low
DOC-212,docs/P14_API_CONNECTIVITY_AUDIT.md,P14_API_CONNECTIVITY_AUDIT.md,.md,General,Documentation,Project Lead,Yes,Manual,REVIEW_REQUIRED,docs/P14_API_CONNECTIVITY_AUDIT.md,Low
DOC-213,docs/P14_FINAL_E2E_ROLE_API_AUDIT_REPORT.md,P14_FINAL_E2E_ROLE_API_AUDIT_REPORT.md,.md,General,Documentation,Project Lead,Yes,Manual,REVIEW_REQUIRED,docs/P14_FINAL_E2E_ROLE_API_AUDIT_REPORT.md,Low
DOC-214,docs/P14_HOW_TO_DEMO_AND_OPERATE.md,P14_HOW_TO_DEMO_AND_OPERATE.md,.md,General,Documentation,Project Lead,Yes,Manual,REVIEW_REQUIRED,docs/P14_HOW_TO_DEMO_AND_OPERATE.md,Low
DOC-215,docs/P14_ROLE_SCREEN_API_MATRIX.md,P14_ROLE_SCREEN_API_MATRIX.md,.md,General,Audit,Project Lead,Yes,Manual,REVIEW_REQUIRED,docs/P14_ROLE_SCREEN_API_MATRIX.md,Low
DOC-216,docs/P14_SMART_FEATURE_DEMO_GUIDE.md,P14_SMART_FEATURE_DEMO_GUIDE.md,.md,UX,Documentation,Project Lead,Yes,Manual,REVIEW_REQUIRED,docs/P14_SMART_FEATURE_DEMO_GUIDE.md,Low
DOC-217,docs/P15F_BROWSER_SMOKE_AND_SKELETON_REPORT.md,P15F_BROWSER_SMOKE_AND_SKELETON_REPORT.md,.md,General,Documentation,Project Lead,Yes,Manual,REVIEW_REQUIRED,docs/P15F_BROWSER_SMOKE_AND_SKELETON_REPORT.md,Low
DOC-218,docs/P15F_LINT_BACKLOG.md,P15F_LINT_BACKLOG.md,.md,General,Documentation,Project Lead,Yes,Manual,REVIEW_REQUIRED,docs/P15F_LINT_BACKLOG.md,Low
DOC-219,docs/P15G_FULL_165_ROUTE_BROWSER_SMOKE_REPORT.md,P15G_FULL_165_ROUTE_BROWSER_SMOKE_REPORT.md,.md,General,Documentation,Project Lead,Yes,Manual,REVIEW_REQUIRED,docs/P15G_FULL_165_ROUTE_BROWSER_SMOKE_REPORT.md,Low
DOC-220,docs/P15_FINAL_SUMMARY.md,P15_FINAL_SUMMARY.md,.md,General,Documentation,Project Lead,Yes,Manual,REVIEW_REQUIRED,docs/P15_FINAL_SUMMARY.md,Low
DOC-221,docs/P15_FULL_API_CONNECTION_PLAN.md,P15_FULL_API_CONNECTION_PLAN.md,.md,General,Documentation,Project Lead,Yes,Manual,REVIEW_REQUIRED,docs/P15_FULL_API_CONNECTION_PLAN.md,Low
DOC-222,docs/P16B1_HIGH_RISK_WORKLIST.md,P16B1_HIGH_RISK_WORKLIST.md,.md,General,Documentation,Project Lead,Yes,Manual,REVIEW_REQUIRED,docs/P16B1_HIGH_RISK_WORKLIST.md,Low
DOC-223,docs/P16B4A_FE_ONLY_STATIC_WORKLIST.md,P16B4A_FE_ONLY_STATIC_WORKLIST.md,.md,General,Documentation,Project Lead,Yes,Manual,REVIEW_REQUIRED,docs/P16B4A_FE_ONLY_STATIC_WORKLIST.md,Low
DOC-224,docs/P16B4B_MISSING_BACKEND_ENDPOINT_DECISION_MATRIX.md,P16B4B_MISSING_BACKEND_ENDPOINT_DECISION_MATRIX.md,.md,General,Audit,Project Lead,Yes,Manual,REVIEW_REQUIRED,docs/P16B4B_MISSING_BACKEND_ENDPOINT_DECISION_MATRIX.md,Low
DOC-225,docs/P16B4C_CONNECT_IMPLEMENT_REPORT.md,P16B4C_CONNECT_IMPLEMENT_REPORT.md,.md,General,Documentation,Project Lead,Yes,Manual,REVIEW_REQUIRED,docs/P16B4C_CONNECT_IMPLEMENT_REPORT.md,Low
DOC-226,docs/P16B4D_HIDE_REMOVE_CLEANUP_REPORT.md,P16B4D_HIDE_REMOVE_CLEANUP_REPORT.md,.md,General,Documentation,Project Lead,Yes,Manual,REVIEW_REQUIRED,docs/P16B4D_HIDE_REMOVE_CLEANUP_REPORT.md,Low
DOC-227,docs/P16B5_RUNTIME_ACTION_AUDIT_MATRIX.md,P16B5_RUNTIME_ACTION_AUDIT_MATRIX.md,.md,General,Audit,Project Lead,Yes,Manual,REVIEW_REQUIRED,docs/P16B5_RUNTIME_ACTION_AUDIT_MATRIX.md,Low
DOC-228,docs/P16C_FINAL_RUNTIME_EVIDENCE_MATRIX.md,P16C_FINAL_RUNTIME_EVIDENCE_MATRIX.md,.md,General,Audit,Project Lead,Yes,Manual,REVIEW_REQUIRED,docs/P16C_FINAL_RUNTIME_EVIDENCE_MATRIX.md,Low
DOC-229,docs/P16C_SAFE_SEED_NOTES.md,P16C_SAFE_SEED_NOTES.md,.md,General,Documentation,Project Lead,Yes,Manual,REVIEW_REQUIRED,docs/P16C_SAFE_SEED_NOTES.md,Low
DOC-230,docs/P16_FULL_SCREEN_ACTION_API_MATRIX.md,P16_FULL_SCREEN_ACTION_API_MATRIX.md,.md,General,Audit,Project Lead,Yes,Manual,REVIEW_REQUIRED,docs/P16_FULL_SCREEN_ACTION_API_MATRIX.md,Low
DOC-231,docs/P17_SMART_FEATURE_DEMO_GUIDE.md,P17_SMART_FEATURE_DEMO_GUIDE.md,.md,UX,Documentation,Project Lead,Yes,Manual,REVIEW_REQUIRED,docs/P17_SMART_FEATURE_DEMO_GUIDE.md,Low
DOC-232,docs/P17_SMART_FEATURE_DEMO_SEED_PLAN.md,P17_SMART_FEATURE_DEMO_SEED_PLAN.md,.md,General,Documentation,Project Lead,Yes,Manual,REVIEW_REQUIRED,docs/P17_SMART_FEATURE_DEMO_SEED_PLAN.md,Low
DOC-233,docs/P18A_DEFENSE_EVIDENCE_PACK.md,P18A_DEFENSE_EVIDENCE_PACK.md,.md,General,Documentation,Project Lead,Yes,Manual,REVIEW_REQUIRED,docs/P18A_DEFENSE_EVIDENCE_PACK.md,Low
DOC-234,docs/P18B_DEMO_SCRIPT_AND_QA.md,P18B_DEMO_SCRIPT_AND_QA.md,.md,General,Documentation,Project Lead,Yes,Manual,REVIEW_REQUIRED,docs/P18B_DEMO_SCRIPT_AND_QA.md,Low
DOC-235,docs/P19_FINAL_API_CONNECTION_GATE_REPORT.md,P19_FINAL_API_CONNECTION_GATE_REPORT.md,.md,General,Documentation,Project Lead,Yes,Manual,REVIEW_REQUIRED,docs/P19_FINAL_API_CONNECTION_GATE_REPORT.md,Low
DOC-236,docs/P20_1_SKELETON_COMPLETION_REPORT.md,P20_1_SKELETON_COMPLETION_REPORT.md,.md,General,Documentation,Project Lead,Yes,Manual,REVIEW_REQUIRED,docs/P20_1_SKELETON_COMPLETION_REPORT.md,Low
DOC-237,docs/P20_SKELETON_LOADING_AUDIT.md,P20_SKELETON_LOADING_AUDIT.md,.md,General,Documentation,Project Lead,Yes,Manual,REVIEW_REQUIRED,docs/P20_SKELETON_LOADING_AUDIT.md,Low
DOC-238,docs/P20_SKELETON_LOADING_REPORT.md,P20_SKELETON_LOADING_REPORT.md,.md,General,Documentation,Project Lead,Yes,Manual,REVIEW_REQUIRED,docs/P20_SKELETON_LOADING_REPORT.md,Low
DOC-239,docs/P21_STAFF_SCHEDULE_FIX_AND_SMART_UX_REPORT.md,P21_STAFF_SCHEDULE_FIX_AND_SMART_UX_REPORT.md,.md,General,Documentation,Project Lead,Yes,Manual,REVIEW_REQUIRED,docs/P21_STAFF_SCHEDULE_FIX_AND_SMART_UX_REPORT.md,Low
DOC-240,docs/P22_SMART_SCHEDULE_CREATION_UX_REPORT.md,P22_SMART_SCHEDULE_CREATION_UX_REPORT.md,.md,General,Documentation,Project Lead,Yes,Manual,REVIEW_REQUIRED,docs/P22_SMART_SCHEDULE_CREATION_UX_REPORT.md,Low
DOC-241,docs/P23_TEACHER_SCHEDULE_IMPLEMENTATION_REPORT.md,P23_TEACHER_SCHEDULE_IMPLEMENTATION_REPORT.md,.md,General,Documentation,Project Lead,Yes,Manual,REVIEW_REQUIRED,docs/P23_TEACHER_SCHEDULE_IMPLEMENTATION_REPORT.md,Low
DOC-242,docs/sql/P12_3_SMART_TIMETABLE_VALIDATION.sql,P12_3_SMART_TIMETABLE_VALIDATION.sql,.sql,Database,Documentation,Backend Team,Yes,Manual,REVIEW_REQUIRED,docs/sql/P12_3_SMART_TIMETABLE_VALIDATION.sql,Low
DOC-243,docs/sql/P12_4_SEED_LMS_TEST_P12.sql,P12_4_SEED_LMS_TEST_P12.sql,.sql,Database,Documentation,Backend Team,Yes,Manual,REVIEW_REQUIRED,docs/sql/P12_4_SEED_LMS_TEST_P12.sql,Low
DOC-244,docs/SYSTEM_ARCHITECTURE.md,SYSTEM_ARCHITECTURE.md,.md,General,Documentation,Project Lead,Yes,Manual,REVIEW_REQUIRED,docs/SYSTEM_ARCHITECTURE.md,Low
DOC-245,EXAMPLES.md,EXAMPLES.md,.md,General,Documentation,Project Lead,Yes,Manual,REVIEW_REQUIRED,EXAMPLES.md,Low
DOC-246,frontend/DESIGN_LIQUID_GLASS.md,DESIGN_LIQUID_GLASS.md,.md,Frontend,Documentation,Core Frontend Team,Yes,Manual,REVIEW_REQUIRED,frontend/DESIGN_LIQUID_GLASS.md,Low
DOC-247,frontend/docs/ui/portal-motion-storyboard.md,portal-motion-storyboard.md,.md,Frontend,Documentation,Core Frontend Team,Yes,Manual,REVIEW_REQUIRED,frontend/docs/ui/portal-motion-storyboard.md,Low
DOC-248,frontend/fix.md,fix.md,.md,Frontend,Documentation,Core Frontend Team,Yes,Manual,REVIEW_REQUIRED,frontend/fix.md,Low
DOC-249,frontend/README.md,README.md,.md,Frontend,Documentation,Core Frontend Team,Yes,Manual,REVIEW_REQUIRED,frontend/README.md,Low
DOC-250,README.zh.md,README.zh.md,.md,General,Documentation,Project Lead,Yes,Manual,REVIEW_REQUIRED,README.zh.md,Low
DOC-251,skills/karpathy-guidelines/SKILL.md,SKILL.md,.md,General,Documentation,Project Lead,Yes,Manual,REVIEW_REQUIRED,skills/karpathy-guidelines/SKILL.md,Low
DOC-252,Tài Liệu/CÁC TÍNH NĂNG AI CÓ THỂ ÁP DỤNG VÀO LMS.docx,CÁC TÍNH NĂNG AI CÓ THỂ ÁP DỤNG VÀO LMS.docx,.docx,Archive,Documentation,Project Lead,Yes,Manual,REVIEW_REQUIRED,Tài Liệu/CÁC TÍNH NĂNG AI CÓ THỂ ÁP DỤNG VÀO LMS.docx,Low
DOC-253,Tài Liệu/LMS_CSDL.docx,LMS_CSDL.docx,.docx,Archive,Documentation,Project Lead,Yes,Manual,REVIEW_REQUIRED,Tài Liệu/LMS_CSDL.docx,Low
DOC-254,Tài Liệu/LMS_Project_Backlog.xlsx,LMS_Project_Backlog.xlsx,.xlsx,Archive,Documentation,Project Lead,Yes,Manual,REVIEW_REQUIRED,Tài Liệu/LMS_Project_Backlog.xlsx,Low
DOC-255,Tài Liệu/LMS_UI_Plan.xlsx,LMS_UI_Plan.xlsx,.xlsx,UX,Documentation,Project Lead,Yes,Manual,REVIEW_REQUIRED,Tài Liệu/LMS_UI_Plan.xlsx,Low
DOC-256,Tài Liệu/Scope_MVP_LMS.docx,Scope_MVP_LMS.docx,.docx,Archive,Documentation,Project Lead,Yes,Manual,REVIEW_REQUIRED,Tài Liệu/Scope_MVP_LMS.docx,Low
DOC-257,Tài Liệu/SRS_LMS.docx,SRS_LMS.docx,.docx,Archive,Documentation,Project Lead,Yes,Manual,REVIEW_REQUIRED,Tài Liệu/SRS_LMS.docx,Low
DOC-258,Tài Liệu/Ý tưởng giao diện  giao  diện.docx,Ý tưởng giao diện  giao  diện.docx,.docx,Archive,Documentation,Project Lead,Yes,Manual,REVIEW_REQUIRED,Tài Liệu/Ý tưởng giao diện  giao  diện.docx,Low
